id,created_at,author of the tweet,full_text,in_replt_to,replt_to
1788190239955255624,Wed May 08 12:52:30 +0000 2024,"<User id=""1527875389439508481"">","ğŸš¨ A victim lost $51,573 because they didn't revoke phishing approvals from 9 months ago. ğŸ•µï¸â€â™‚ï¸ğŸ’¸ https://t.co/7etVlbIj8b",,
1787510792159682949,Mon May 06 15:52:37 +0000 2024,"<User id=""1527875389439508481"">","ğŸš¨ğŸ’” 3 hours ago, a victim lost $211,316 due to signing a malicious Increase Allowance transaction on a phishing site. https://t.co/9802h2yt0l",,
1787417394723553767,Mon May 06 09:41:30 +0000 2024,"<User id=""1527875389439508481"">","ğŸ§µ [6/6] ğŸ›¡ï¸ In conclusion, phishing remains one of the main threats to ordinary users in the crypto space. Hope you are staying safe!\n\nAlways donâ€™t trust it, verify it!",1787417378994921978,
1787417269636915220,Mon May 06 09:41:00 +0000 2024,"<User id=""1527875389439508481"">","ğŸ§µ [1/6] ğŸš¨ ScamSniffer's April Phishing Report ğŸš¨\nApril saw a significant decrease in losses from phishing attacks, with 34,000 victims losing $38 million.\n\nThis is a 46% drop compared to last month. ğŸ“‰ https://t.co/SaL6CJNF6z",,
1786949648160325767,Sun May 05 02:42:50 +0000 2024,"<User id=""1527875389439508481"">",ğŸ§µ [1/6] âš ï¸ Wallet drainers are using legitimate contracts like Uniswap V3's Multicall to bypass wallet security alerts for phishing attacks ğŸš¨.\n\nA victim lost 85 Lido ETH to such tactics 5 days ago. ğŸ”ğŸ’¸ https://t.co/7MsdP5qSVk,,
1786949753747734731,Sun May 05 02:43:15 +0000 2024,"<User id=""1527875389439508481"">","ğŸ§µ [3/6] Subsequently, the Drainer initiated a transaction to transfer assets, calling the Multicall's aggregate function. This included operations such as permit and transferFrom for asset transfer.\n\nhttps://t.co/EQMYkwzKOt https://t.co/pjK9dZ2QTO",1786949669287010577,
1786738218962223226,Sat May 04 12:42:42 +0000 2024,"<User id=""1527875389439508481"">","ğŸš¨ğŸ’” 36 minutes ago, a victim lost $941,781 due to signing a malicious Permit signature on a phishing site. https://t.co/F893rrxp9B",,
1786738218962223226,Sat May 04 12:42:42 +0000 2024,"<User id=""1527875389439508481"">","ğŸš¨ğŸ’” 36 minutes ago, a victim lost $941,781 due to signing a malicious Permit signature on a phishing site. https://t.co/F893rrxp9B",,
1786661759723716823,Sat May 04 07:38:52 +0000 2024,"<User id=""1527875389439508481"">","âš ï¸ 50 mins ago, a drainer fee address transferred 293 ETH ($910,021) to 0x8c3Ac77a66cB0507DF5990C0e40fECcc8F5c5F7B.\n\nhttps://t.co/BdoNBjwEll https://t.co/L6gqWa2Nac",,
1786374327740543464,Fri May 03 12:36:43 +0000 2024,"<User id=""1527875389439508481"">","ğŸš¨ğŸ’” 2 hours ago, another victim lost $68 million by copying the wrong address from a contaminated transfer history. https://t.co/DepNCnyXhM",,
1785603583049961918,Wed May 01 09:34:03 +0000 2024,"<User id=""1527875389439508481"">",âš ï¸ Wallet drainers have even started using IPNS (InterPlanetary Name System) to make IPFS links appear more legitimate. \n\nAlways verify before you click! ğŸ‘€ğŸ”— https://t.co/E3nww813qa,,
1785286139651535168,Tue Apr 30 12:32:39 +0000 2024,"<User id=""1527875389439508481"">",ğŸ”¥ awesome!,,
1784938262840377529,Mon Apr 29 13:30:19 +0000 2024,"<User id=""1527875389439508481"">",RT @zachxbt: 1/ How Lazarus Group laundered $200M from 25+ crypto hacks to fiat from 2020 - 2023\n\nhttps://t.co/s8zNFwlamb,,
1784937371114618897,Mon Apr 29 13:26:46 +0000 2024,"<User id=""1527875389439508481"">","painful lessons: If you are not ready for on-chain risks, just leave your funds on CEX.",,
1784932506174967970,Mon Apr 29 13:07:26 +0000 2024,"<User id=""1527875389439508481"">","Meanwhile, another victim lost $406,170 worth of Pendle yield tokens due to signing a phishing permit signature.\n\nAlways verify before you sign!âœï¸ğŸ’” https://t.co/AotGmP9mB9",,
1784927060177437169,Mon Apr 29 12:45:48 +0000 2024,"<User id=""1527875389439508481"">","ğŸš¨ğŸ’” 5 minutes ago, a victim lost $749,900 by copying the wrong address from a contaminated transfer history. https://t.co/bPbQkyOvAt",,
1784876923602030990,Mon Apr 29 09:26:34 +0000 2024,"<User id=""1527875389439508481"">","ğŸš¨ğŸ’” 3 hours ago, someone lost $386,033 worth of https://t.co/zmUvPRSjJu Liquid and Puffer ETH to phishing scams. https://t.co/eQ7qUYWMJl",,
1784600846409609405,Sun Apr 28 15:09:32 +0000 2024,"<User id=""1527875389439508481"">","âš ï¸ Twitter phishing ads are using a fake Google captcha page, leveraging IPFS deployment and smart contracts for dynamic redirection. \n\nAlways double-check URLs! ğŸ”ğŸš¨ https://t.co/WKgysfjzii",,
1783859477349077384,Fri Apr 26 14:03:36 +0000 2024,"<User id=""1527875389439508481"">","ğŸ•µï¸â€â™‚ï¸ the wallet drainer's fee address moved 250 ETH across chains using Stargate, and Across Protocol, eventually splitting the funds between Hop and Rhino.",,
1783693476229754975,Fri Apr 26 03:03:58 +0000 2024,"<User id=""1527875389439508481"">",âš ï¸ How scammers use Tenderly Fork RPC for scams ğŸ‘‡,,
1783519988969861260,Thu Apr 25 15:34:36 +0000 2024,"<User id=""1527875389439508481"">","ğŸš¨ Wallet drainers are using variants of this bypass method, swiping over $2 million in the past few days!ğŸ›¡ï¸ğŸ’° https://t.co/obj2WP57ei",,
1783128228787593383,Wed Apr 24 13:37:53 +0000 2024,"<User id=""1527875389439508481"">","âš ï¸ another victim lost $310,656 worth of Pendle Renzo ETH due to a phishing Permit signature. https://t.co/7yQQnCi2bb",,
1783122535321837683,Wed Apr 24 13:15:15 +0000 2024,"<User id=""1527875389439508481"">",Public good needs your supportğŸ‘‡,,
1783027808723435727,Wed Apr 24 06:58:51 +0000 2024,"<User id=""1527875389439508481"">","âš ï¸ 20 mins ago, a victim lost $295,072 in Renzo ETH due to a malicious Permit signature. \n\nBeware of Renzo-related phishing scams and always double-check signature requests! ğŸ”ğŸ’¸ https://t.co/jo8NLgFj78",,
1782617804916805645,Tue Apr 23 03:49:38 +0000 2024,"<User id=""1527875389439508481"">","ğŸš¨ Earlier, Velvet Capital's frontend was hacked. \n\n7 hours ago, our extension users visited the site and successfully intercepted it. https://t.co/HNWtGT53FP",,
1782236806630777197,Mon Apr 22 02:35:41 +0000 2024,"<User id=""1527875389439508481"">","23 minutes ago, a victim lost 82.5 ETH($258,618) by copying the wrong address from a contaminated transfer history. https://t.co/q0MIe8S1UC",,
1781500736779731273,Sat Apr 20 01:50:48 +0000 2024,"<User id=""1527875389439508481"">",ğŸš¨ 3 PudgyPenguins were drained by phishing about 7 hours ago. https://t.co/1qiY07ISkx,,
1781188933403246992,Fri Apr 19 05:11:49 +0000 2024,"<User id=""1527875389439508481"">","ğŸš¨ğŸ’” 32 minutes ago, a phishing scam resulted in a loss of tokens valued at $772,216.\n\nThe victim signed multiple phishing Permit signatures and also lost his MerlinSwap liquidity provider NFT.ğŸ›¡ï¸ğŸ’¸ https://t.co/Wo5gkTlbWS",,
1781164595333464544,Fri Apr 19 03:35:06 +0000 2024,"<User id=""1527875389439508481"">","ğŸš¨ 3 hours ago, a victim lost $218,695 worth of $usdc, $wbtc, and $usdt, due to signing a malicious Uniswap Permit2 Batch signature.\n\nalways double-check the signature request.ğŸ’¸ğŸ›‘ https://t.co/pkwlbbDl6x",,
1781164595333464544,Fri Apr 19 03:35:06 +0000 2024,"<User id=""1527875389439508481"">","ğŸš¨ 3 hours ago, a victim lost $218,695 worth of $usdc, $wbtc, and $usdt, due to signing a malicious Uniswap Permit2 Batch signature.\n\nalways double-check the signature request.ğŸ’¸ğŸ›‘ https://t.co/pkwlbbDl6x",,
1780950728946933933,Thu Apr 18 13:25:16 +0000 2024,"<User id=""1527875389439508481"">",ğŸš¨âš ï¸ beware of fake TON websites that trick users into entering their seed phrases to steal assets. https://t.co/M5KSzqxuAx,,
1780848580208804045,Thu Apr 18 06:39:22 +0000 2024,"<User id=""1527875389439508481"">",âš ï¸ Beware of fake Degen Google phishing ads hijacking your search intent.\n\nThe official Degen website is https://t.co/OvCQ54yu7x. https://t.co/t5Fz2fDvTY,,
1780816685844578784,Thu Apr 18 04:32:38 +0000 2024,"<User id=""1527875389439508481"">","ğŸš¨ğŸ”’ 50 minutes ago, a victim lost $179,290 in tokens, including $TRUMP, $KNDX, $OLAS, $BOTTO, and $MATIC, due to signing a malicious Uniswap Permit2 Batch signature. \n\nalways double-check the signature request. ğŸ’¸ğŸ›‘ https://t.co/Iwcwjuyz2M",,
1780754244867682362,Thu Apr 18 00:24:31 +0000 2024,"<User id=""1527875389439508481"">","ğŸ‘ Great initiative, ScamSniffer is delighted to be involved in protecting more people.",,
1780601973513085331,Wed Apr 17 14:19:27 +0000 2024,"<User id=""1527875389439508481"">","ğŸ’¬ Omni claim is in progress, but their claim transaction requires a fee similar to some phishing scams.\n\nsecurity extensions like Scam Sniffer and RevokeCash may alert you to potential scams. We've optimized our detection to ensure accuracy. https://t.co/R0keBOjWaz",,
1780592633850765544,Wed Apr 17 13:42:20 +0000 2024,"<User id=""1527875389439508481"">","over the past year, phishing activities using Inferno Drainer have stolen funds far exceeding $100 million.\n\ncheck Bernhard Mueller's excellent analysis to understand how they work ğŸ‘‡",,
1780472380172980663,Wed Apr 17 05:44:29 +0000 2024,"<User id=""1527875389439508481"">",RT @RevokeCash: Octant Epoch 3 is live now. We are very grateful for the continued support we're receiving from the Octant community.\n\nAs aâ€¦,,
1780389180662833590,Wed Apr 17 00:13:53 +0000 2024,"<User id=""1527875389439508481"">","ğŸš¨âš ï¸ attention, it appears that some drainers are extending their reach into the Cardano. https://t.co/KzuHWGHTJL",,
1780242622336086139,Tue Apr 16 14:31:31 +0000 2024,"<User id=""1527875389439508481"">","ğŸš¨ someone lost $148,371 worth of $pendle to phishing scams 1 hour ago. https://t.co/Fils7UJUYu",,
1780071286817132589,Tue Apr 16 03:10:41 +0000 2024,"<User id=""1527875389439508481"">",ğŸš¨âš ï¸ caution! a moment of inattention could lead you to inadvertently add a fake Telegram account from comments by the impostor.\n\nalways verify and proceed with caution.ğŸ•µï¸â€â™‚ï¸ğŸ’¬ https://t.co/pDyNnYgQZU,,
1779875966166446156,Mon Apr 15 14:14:33 +0000 2024,"<User id=""1527875389439508481"">",ğŸš¨ğŸ­ Beware of impersonators of the following popular projects. \n\nPay close attention to every detail to avoid phishing scams.ğŸ›¡ï¸ https://t.co/SwQ2Ca71rD,,
1779875966166446156,Mon Apr 15 14:14:33 +0000 2024,"<User id=""1527875389439508481"">",ğŸš¨ğŸ­ Beware of impersonators of the following popular projects. \n\nPay close attention to every detail to avoid phishing scams.ğŸ›¡ï¸ https://t.co/SwQ2Ca71rD,,
1779808183604892131,Mon Apr 15 09:45:12 +0000 2024,"<User id=""1527875389439508481"">",victim:\n0x5387204e14b60cb26a81f02a2a1f44d6bc1b24d3\n\nscammer:\n0x2c22894f8f960e63730fbad76edd6c35047036c0\n\nhttps://t.co/fHLNnpAamX,1779808180123681079,
1779808180123681079,Mon Apr 15 09:45:12 +0000 2024,"<User id=""1527875389439508481"">","ğŸš¨ğŸ’¸ just an hour ago, someone lost $729,359 in $ARB and $wETH due to a phishing scam. \n\nstay vigilant and protect your assets! https://t.co/vz22Wzhz2T",,
1779522389757608273,Sun Apr 14 14:49:34 +0000 2024,"<User id=""1527875389439508481"">","ğŸš¨âš ï¸ some drainers are now employing the Disperse contract to replace the ""Claim"" method in phishing transactions to steal ETH assets. https://t.co/n2NtSyhAo2",,
1779347821688508509,Sun Apr 14 03:15:54 +0000 2024,"<User id=""1527875389439508481"">","RT @zachxbt: Community Alert: The group of scammers who stole 8 figs with Magnate, Kokomo, Lendora, Solfire, etc is back with a new projectâ€¦",,
1779163604019016099,Sat Apr 13 15:03:53 +0000 2024,"<User id=""1527875389439508481"">","ğŸš¨ someone lost $254,118 worth of $prime to phishing scams 5 minutes ago. https://t.co/UqN1NzWVVy",,
1778781376004948054,Fri Apr 12 13:45:02 +0000 2024,"<User id=""1527875389439508481"">","regardless of the new potential risks posed by 3074, or the existing unlimited approvals abused by phishing.\n\nall points in a common direction: only if wallets address the readability of signatures and provide a better UX can the occurrence of phishing be reduced.",,
1778415772995633542,Thu Apr 11 13:32:16 +0000 2024,"<User id=""1527875389439508481"">","ğŸš¨ğŸ˜¢ another victim lost $1.2M of AERO to a phishing scam 6 hours ago.\n\nin the past 24 hours, the Base chain has seen phishing losses near $2M.ğŸ›¡ï¸ğŸ’”ğŸ”’ https://t.co/TzK20TK4DF",,
1778294093006897367,Thu Apr 11 05:28:45 +0000 2024,"<User id=""1527875389439508481"">","ğŸš¨âŒ›ï¸ 13 hours ago, someone lost $846,610 worth of $degen to phishing scams. https://t.co/YaoEUccjoo",,
1778240384411611242,Thu Apr 11 01:55:20 +0000 2024,"<User id=""1527875389439508481"">","ğŸš¨âŒ›ï¸ 5 hours ago, 2.88 WBTC ($204,037) was drained from someone's wallet by phishing. https://t.co/dn8uhymyfL",,
1778240384411611242,Thu Apr 11 01:55:20 +0000 2024,"<User id=""1527875389439508481"">","ğŸš¨âŒ›ï¸ 5 hours ago, 2.88 WBTC ($204,037) was drained from someone's wallet by phishing. https://t.co/dn8uhymyfL",,
1778081449985601667,Wed Apr 10 15:23:47 +0000 2024,"<User id=""1527875389439508481"">","ğŸ“ˆğŸ›¡ï¸ Phishing-related theft spiked by 50% last month. In the same period, our extension's user base grew by 100%! \n\nA huge thank you to our community. We're dedicated to enhancing our features to keep you safe from scams. Your security is our success! ğŸ«¡ğŸ’ª https://t.co/t5oqB3PP6o",,
1778015141575164001,Wed Apr 10 11:00:18 +0000 2024,"<User id=""1527875389439508481"">",ğŸš¨ğŸ­ Beware of impersonators of the following popular projects. Pay close attention to every detail to avoid phishing scams.ğŸ›¡ï¸ https://t.co/rvPyN3E5NW,,
1777994093827891285,Wed Apr 10 09:36:40 +0000 2024,"<User id=""1527875389439508481"">","ğŸš¨âŒ›ï¸ 20 minutes ago, $116,620 worth of $QNT was drained from someone's wallet by phishing. https://t.co/Ia869e2tLO",,
1777968774723117287,Wed Apr 10 07:56:03 +0000 2024,"<User id=""1527875389439508481"">","about 13 hours ago, Angel Drainer's fee address transferred 226 ETH to 0x48DE2077beA8a499c81f38e3859aC44a5ca366fF. https://t.co/h4K68uTLyR",,
1777871071255105996,Wed Apr 10 01:27:49 +0000 2024,"<User id=""1527875389439508481"">","ğŸš¨ğŸ’¸ someone lost $315,709 worth of $ETH to phishing scams 9 hours ago. https://t.co/iDYlJn9Llx",,
1777695045233389613,Tue Apr 09 13:48:21 +0000 2024,"<User id=""1527875389439508481"">",âš ï¸ Beware of imposters of the following popular accounts! https://t.co/Vzs5hUYAKs,,
1777525607116558477,Tue Apr 09 02:35:04 +0000 2024,"<User id=""1527875389439508481"">","ğŸš¨ğŸ’¸ someone lost $510,592 in $ETH, $ARB, and $MAGIC to a phishing attack an hour ago. https://t.co/BJ49ywIXRh",,
1777259069956653294,Mon Apr 08 08:55:56 +0000 2024,"<User id=""1527875389439508481"">","Our advisor @1nf0s3cpt is sharing his talk: ""Web3 DevSecOps: Methodology and Best SECURITY Practices"" at SlowMist's HackingTime event. https://t.co/NArvfq5ipc",,
1777169398740275383,Mon Apr 08 02:59:37 +0000 2024,"<User id=""1527875389439508481"">",ğŸ‘‡,,
1777134442383134858,Mon Apr 08 00:40:43 +0000 2024,"<User id=""1527875389439508481"">","ğŸš¨ğŸ•µï¸â€â™‚ï¸ Alert: Phishing ads running rampant on Google, Twitter, Bing, &amp; DuckDuckGo are now targeting Etherscan users. \n\nEtherscan aggregates ads from platforms like Coinzilla &amp; Persona, where insufficient filtering could lead to exposure to phishing attempts.ğŸ›¡ï¸ğŸ” https://t.co/EGDLiCrrAa",,
1776969555950383167,Sun Apr 07 13:45:31 +0000 2024,"<User id=""1527875389439508481"">",ğŸš¨ An address linked to a drainer just moved 100 ETH to 0x71eC2bEa4719504Fbc68B49922BafD098e6c808E about 1 hour ago. https://t.co/kxPvUfI7QY,,
1776170937337163880,Fri Apr 05 08:52:05 +0000 2024,"<User id=""1527875389439508481"">","ğŸ˜¨ğŸš¨ another address mistakenly transferred $499,000 to the Tether contract.\n\n- 0x4a6bc365c4a4d344d27a7d1069990b0e05703e2d https://t.co/IyiuAkNOgp",,
1775865757760672119,Thu Apr 04 12:39:25 +0000 2024,"<User id=""1527875389439508481"">",ğŸ›¡ï¸ Careful enhancement of risk warnings in token approval processes is critical. Even minor optimizations could greatly reduce phishing-related token thefts.,,
1775821007707877668,Thu Apr 04 09:41:36 +0000 2024,"<User id=""1527875389439508481"">",ğŸ”âœ¨ Our extension now supports Solana signature security. Activate it in 'Settings' for a safer experience. https://t.co/uoOj1RilEj,,
1775656645391274491,Wed Apr 03 22:48:29 +0000 2024,"<User id=""1527875389439508481"">",ğŸš¨ğŸ›¡ï¸ And over 100 phishing sites related to Wormhole have been added to our blocklist. https://t.co/7daDARaiDy,1775656639804453181,
1775656639804453181,Wed Apr 03 22:48:27 +0000 2024,"<User id=""1527875389439508481"">","ğŸš¨ğŸ”¥ Crazy! In the past day, our extension has alerted users to as many as 18 fake accounts related to @wormhole. https://t.co/CJ2ykLwMwj",,
1775541781557567745,Wed Apr 03 15:12:03 +0000 2024,"<User id=""1527875389439508481"">","ğŸš¨ someone lost $397,001 worth of $ETH to ""Claim"" phishing scams about 35 minutes ago. https://t.co/BGiY5ysuxQ",,
1775528360980189606,Wed Apr 03 14:18:43 +0000 2024,"<User id=""1527875389439508481"">","ğŸš¨ someone lost $202,121 worth of $DROPS to phishing scams about 50 minutes ago. https://t.co/07JK6QDybb",,
1775372460130718206,Wed Apr 03 03:59:13 +0000 2024,"<User id=""1527875389439508481"">",ğŸš€ğŸ›¡ï¸ @more_login has now embedded our security extension for enhanced protection of web3 user assets.,,
1775319070965117265,Wed Apr 03 00:27:05 +0000 2024,"<User id=""1527875389439508481"">",ğŸš¨ğŸ•µï¸â€â™‚ï¸ Beware of fake Ethena Google phishing ads hijacking your search intentâ€”several victims have already fallen prey.ğŸ›¡ï¸ğŸ”ğŸ’» https://t.co/ITwUtVBQS1,,
1775090312911966672,Tue Apr 02 09:18:04 +0000 2024,"<User id=""1527875389439508481"">","ğŸ›‘ğŸ£ Most Discord hacks stem from social engineering attacks where users are tricked into adding malicious phishing bookmarks, leading to credential theft and subsequent phishing messages.\n\nHere's a recent example ğŸ‘‡",,
1775051554925776969,Tue Apr 02 06:44:04 +0000 2024,"<User id=""1527875389439508481"">","ğŸš¨ someone lost $235,675 worth of $GPU to phishing scams about 2 hours ago. https://t.co/HTZyOkDTn6",,
1775051554925776969,Tue Apr 02 06:44:04 +0000 2024,"<User id=""1527875389439508481"">","ğŸš¨ someone lost $235,675 worth of $GPU to phishing scams about 2 hours ago. https://t.co/HTZyOkDTn6",,
1774963876968436156,Tue Apr 02 00:55:40 +0000 2024,"<User id=""1527875389439508481"">","[1/7] ğŸš¨ğŸ’¸ ScamSniffer's March Phishing Report\nCrypto phishing scams hit $71M in March, marking a 50% increase in stolen funds from February.\nThe first quarter of 2024 has seen a total of $173M lost to phishing scams. ğŸ“ˆğŸ”’ https://t.co/Z40WHJRYv4",,
1774963926662529208,Tue Apr 02 00:55:52 +0000 2024,"<User id=""1527875389439508481"">",ğŸ§µ [6/7] And some good news. $4.2M worth of stolen $ALI has been quickly refrozen after @zachxbtâ€™s intervention.\nhttps://t.co/wwjfa3MbPS,1774963922514346423,
1774740842303152551,Mon Apr 01 10:09:24 +0000 2024,"<User id=""1527875389439508481"">",RT @1nf0s3cpt: ğŸ”¥DeFiHackLabs' monthly recap: We released 13 PoCs in March.\n\nContributors: @kam8617 and bznsix each contributed to 4 of themâ€¦,,
1774720946005545080,Mon Apr 01 08:50:20 +0000 2024,"<User id=""1527875389439508481"">",ğŸš¨ğŸ•µï¸â€â™‚ï¸ ALERT: Suspected theft! ~$2.9M in BTC from 2 wallets possibly compromised. \n\nGAS traces link to the OKX DEX hacker. Stolen funds swiftly converted to $ETH.\n\nhttps://t.co/kk1edXCGLV https://t.co/WrCPhyeyn5,,
1774623450407243823,Mon Apr 01 02:22:56 +0000 2024,"<User id=""1527875389439508481"">",victim:\n0x207f49a25ad271a37ebfdbbca7b7f0336698ca54\n\nscammer:\n0x314c9DD45898f7c752529C5357F21941c43b3026\n\nhttps://t.co/Ub3vdRjEDB,1774623445323792501,
1774623445323792501,Mon Apr 01 02:22:54 +0000 2024,"<User id=""1527875389439508481"">","ğŸš¨ someone lost $148,627 worth of $stETH to phishing scams about 8 hours ago. https://t.co/KOM1ZJvH3O",,
1774577325260337555,Sun Mar 31 23:19:39 +0000 2024,"<User id=""1527875389439508481"">",âš ï¸ @facelessavatars's Discord is hacked ğŸ‘‡,,
1774064122004685188,Sat Mar 30 13:20:21 +0000 2024,"<User id=""1527875389439508481"">","ğŸš¨ someone lost $206,460 worth of $ETH to phishing scams about 2 hours ago. https://t.co/Ln7tlB1P3O",,
1773897974441238629,Sat Mar 30 02:20:09 +0000 2024,"<User id=""1527875389439508481"">",ğŸš¨ Pendle X account is currently compromisedğŸ‘‡,,
1773726389839299071,Fri Mar 29 14:58:20 +0000 2024,"<User id=""1527875389439508481"">","ğŸš¨ someone lost $249,187 worth of $LINK and $MATIC to phishing scams about 40 minutes ago. https://t.co/4RgN8St1wA",,
1773726389839299071,Fri Mar 29 14:58:20 +0000 2024,"<User id=""1527875389439508481"">","ğŸš¨ someone lost $249,187 worth of $LINK and $MATIC to phishing scams about 40 minutes ago. https://t.co/4RgN8St1wA",,
1773713340168298570,Fri Mar 29 14:06:28 +0000 2024,"<User id=""1527875389439508481"">",RT @nft_dreww: Did you know @realScamSniffer has a Security Extension that shows a warning like this on Twitter for impersonating accountsâ€¦,,
1773707814772563985,Fri Mar 29 13:44:31 +0000 2024,"<User id=""1527875389439508481"">","âš ï¸ More than 6 imposters impersonating @realio_network.\n\nğŸ’¸ One scammer has stolen about $100,000 worth of RIO tokens in the past 12 hours. https://t.co/HKhUepKAA5",,
1773592929589772352,Fri Mar 29 06:08:00 +0000 2024,"<User id=""1527875389439508481"">",âš ï¸ Beware of imposters of the following popular accounts! https://t.co/grx9dfYvH4,,
1773349859749208393,Thu Mar 28 14:02:08 +0000 2024,"<User id=""1527875389439508481"">","ğŸš¨ someone lost $404,500 worth of $PEPE to phishing scams about 13 minutes ago. https://t.co/sLwgFQIGXL",,
1773335489279307828,Thu Mar 28 13:05:02 +0000 2024,"<User id=""1527875389439508481"">","RT @SlowMist_Team: ğŸš¨SlowMist Security AlertğŸš¨\nDue to issues in the MigrateTroveZap contract, @PrismaFi is still being continuously exploitedâ€¦",,
1773251195488137332,Thu Mar 28 07:30:05 +0000 2024,"<User id=""1527875389439508481"">",ğŸš¨ [1/6] MevBot scams have stolen $1.69 million from unsuspecting developers since January. https://t.co/R0Or5QfZvi,,
1773117601587020008,Wed Mar 27 22:39:13 +0000 2024,"<User id=""1527875389439508481"">","âš ï¸ 4 hours ago, drainer fee addresses transferred 467 $ETH(+$1.63M) to 0xc5afcf64027cfBBa2939C6A7C2c7834C3CA757B4. https://t.co/WAEcX7nYaV",,
1773019655487304189,Wed Mar 27 16:10:01 +0000 2024,"<User id=""1527875389439508481"">","In less than 2 hours, $1.28 million was stolen due to phishing. â±ï¸ğŸš¨ğŸ’¸",,
1773013838448693485,Wed Mar 27 15:46:54 +0000 2024,"<User id=""1527875389439508481"">","ğŸš¨ Alert: 20 minutes ago, a victim was scammed in a crypto phishing attack, resulting in the loss of $897,242 in $BEAM tokens. https://t.co/0ON4nrF6o4",,
1773013838448693485,Wed Mar 27 15:46:54 +0000 2024,"<User id=""1527875389439508481"">","ğŸš¨ Alert: 20 minutes ago, a victim was scammed in a crypto phishing attack, resulting in the loss of $897,242 in $BEAM tokens. https://t.co/0ON4nrF6o4",,
1772993701943402907,Wed Mar 27 14:26:53 +0000 2024,"<User id=""1527875389439508481"">","ğŸš¨ Alert: 50 minutes ago, a victim was scammed in a crypto phishing attack, resulting in the loss of $389,154 in $STONE tokens. https://t.co/ZVgYN2qboD",,
1772974371772240353,Wed Mar 27 13:10:05 +0000 2024,"<User id=""1527875389439508481"">",ğŸ¯ Top accounts getting impersonated in the past 12 hours.\nğŸš¨ Impostors of @_munchables_ enticing users with refunds to open phishing websites.\n\nğŸ‘‰ Stay alert and stay safe! https://t.co/9olVuXMe4B,,
1772617027246772562,Tue Mar 26 13:30:07 +0000 2024,"<User id=""1527875389439508481"">",ğŸ¯ Top accounts getting impersonated in the past 12 hours.\n\nNew targets:\n- @dop_org\n- @LeonidasNFT\n- @PumpBigPump\n\nğŸ‘‰ Stay alert and stay safe! https://t.co/WjzRE4RQdV,,
1772610835937894441,Tue Mar 26 13:05:31 +0000 2024,"<User id=""1527875389439508481"">",RT @im23pds: ğŸ¤¦: I'm experiencing phishing!\nMe: Quickly install the ScamSniffer plugin!\nğŸ¤¦: s c a m s n i f f e r ...   Hurry up or you'll loâ€¦,,
1772604810514088102,Tue Mar 26 12:41:34 +0000 2024,"<User id=""1527875389439508481"">","ğŸš¨ Alert: 2 hours ago, a victim was scammed in a crypto phishing attack, resulting in the loss of $483,449 in Aave wstETH tokens. https://t.co/n6Ea6FHxTh",,
1772563904725418120,Tue Mar 26 09:59:02 +0000 2024,"<User id=""1527875389439508481"">",Losing Pendle yield tokens also means losing your assets. ğŸ’¸ğŸ”’,,
1772538997199491364,Tue Mar 26 08:20:03 +0000 2024,"<User id=""1527875389439508481"">","ğŸš¨âœ¨ Two weeks post-launch of this feature, we've detected 848 unique fake accounts.\nğŸ”ğŸ“† On average, we alert users to 110 fake accounts daily.\n\nğŸ‘‰ Stay alert and stay safe! https://t.co/ojtQZh1w3B",,
1772472515945734390,Tue Mar 26 03:55:53 +0000 2024,"<User id=""1527875389439508481"">","ğŸš¨ Alert: 15 minutes ago, a victim was scammed in a crypto phishing attack, resulting in the loss of $240,580 in $PENDLE tokens. https://t.co/kOVbWZwRYd",,
1772231272540307542,Mon Mar 25 11:57:16 +0000 2024,"<User id=""1527875389439508481"">",ğŸ¯ Top accounts getting impersonated in the past 12 hours. New targets:\n- @Merlin_Starter \n- @Pandora_ERC404 \n- @VenomFoundation\n\nğŸ‘‰ Stay alert and ensure your safety! https://t.co/Tq18F7efhj,,
1772147526780526829,Mon Mar 25 06:24:29 +0000 2024,"<User id=""1527875389439508481"">","Even when you warn users about phishing websites, they still choose to trust them, thinking that your interception was a mistake. ğŸ˜ŸğŸš«ğŸ”— https://t.co/4oUEv6eVut",,
1772073538490401045,Mon Mar 25 01:30:29 +0000 2024,"<User id=""1527875389439508481"">",RT @TycheKong: HAPPY ENDING ğŸ¥³\nSalute to all the teams in the war room. ğŸ«¡,,
1772043304890454186,Sun Mar 24 23:30:21 +0000 2024,"<User id=""1527875389439508481"">",ğŸš¨ Top accounts getting impersonated in the past 24 hours.\n\nğŸ‘‰ Stay alert and ensure your safety! https://t.co/VBbHOsEW2a,,
1771682093468168529,Sat Mar 23 23:35:02 +0000 2024,"<User id=""1527875389439508481"">","ğŸš¨ Alert: 3 hours ago, a victim was scammed in a crypto phishing attack, resulting in the loss of $2.9 million in $RNDR, $NAKA, $SFUND tokens. https://t.co/z0AWXuKH8g",,
1753961383966937148,Sun Feb 04 01:59:15 +0000 2024,"<User id=""1527875389439508481"">","someone lost $183,950 worth of $ETH to phishing scams about 4 hours ago. https://t.co/isCYcphsqH",,
1771559320842314181,Sat Mar 23 15:27:10 +0000 2024,"<User id=""1527875389439508481"">",ğŸš¨ Top accounts getting impersonated in the past 24 hours.\n\nğŸ‘‰ Stay alert and ensure your safety! https://t.co/QeR0kdNxFI,,
1771522324090834947,Sat Mar 23 13:00:10 +0000 2024,"<User id=""1527875389439508481"">","ğŸš¨ Over the past week, there have been 4 phishing thefts each over $1 million, totaling $9.04 million.\n\nMost were Pendle Yield tokens.\nMost were due to the Permit phishing signature. https://t.co/kNkH4JGnzx",,
1771330990562283842,Sat Mar 23 00:19:52 +0000 2024,"<User id=""1527875389439508481"">",ğŸ”— The victim's assets were withdrawn from Binance just 2 days ago; the on-chain world is fraught with risks. https://t.co/CNiPDLDXXs,,
1771326671872008295,Sat Mar 23 00:02:42 +0000 2024,"<User id=""1527875389439508481"">","ğŸš¨ about 7 hours ago, someone lost $2.12 million worth of Renzo ETH due to crypto phishing scams. https://t.co/GVh4Zv0TLR",,
1771202948678230080,Fri Mar 22 15:51:04 +0000 2024,"<User id=""1527875389439508481"">","RT @MistTrack_io: Since May 15, 2023 to now, the address 0x9fa7bb759641fcd37fe4ae41f725e0f653f2c726 controlled by the PinkDrainer has alreaâ€¦",,
1771112369655296500,Fri Mar 22 09:51:09 +0000 2024,"<User id=""1527875389439508481"">","ğŸ›¡ï¸ Malicious App Alert\nPhishing tweets from notable X accounts are often the result of social engineering attacks leading to the authorization of malicious apps.\n\nTo guard our users against such threats, we have started to alert malicious apps and overly permissive requests. https://t.co/I2lDbQ9Eya",,
1771015037098066248,Fri Mar 22 03:24:23 +0000 2024,"<User id=""1527875389439508481"">","ğŸ“¢ @lazyotter_fi is sharing a talk at ETHTaipei on ""Web3 security: Incident Responses for DeFi retail users"". https://t.co/y5q5WJfMO5",,
1770990902657564890,Fri Mar 22 01:48:29 +0000 2024,"<User id=""1527875389439508481"">",ğŸ‰ Congratulations! A victim successfully recovered 158 stolen ETH with assistance from our partner @MistTrack_io.,,
1770990902657564890,Fri Mar 22 01:48:29 +0000 2024,"<User id=""1527875389439508481"">",ğŸ‰ Congratulations! A victim successfully recovered 158 stolen ETH with assistance from our partner @MistTrack_io.,,
1770848384376570281,Thu Mar 21 16:22:10 +0000 2024,"<User id=""1527875389439508481"">","someone lost $579,761 worth of Lido ETH to phishing scams about 51 minutes ago. https://t.co/0RlOO5c25s",,
1770811790441529797,Thu Mar 21 13:56:45 +0000 2024,"<User id=""1527875389439508481"">",ğŸ›¡ï¸ Our extension has incorporated EIP-6963 support to provide protection in multi-wallet environments! https://t.co/mZlOzLpc8J,,
1770788410208162096,Thu Mar 21 12:23:51 +0000 2024,"<User id=""1527875389439508481"">","ğŸ’¸ someone lost 77 ETH to ""Claim"" phishing scams about 3 hours ago.\n\nhttps://t.co/ecP720PlDJ https://t.co/j6gEz4xHaB",,
1770692614494515329,Thu Mar 21 06:03:11 +0000 2024,"<User id=""1527875389439508481"">",RT @zachxbt: I am pleased to share @pokerbrat2019 aka Robert Robb was arrested earlier today in Las Vegas according to Henderson Police recâ€¦,,
1770653575846514853,Thu Mar 21 03:28:04 +0000 2024,"<User id=""1527875389439508481"">","ğŸš¨ In the past 3 hours, 2 victims lost $1.18 million in BTC, Lido ETH, and Link due to phishing scams. https://t.co/TpfHRAinsU",,
1770464077267234964,Wed Mar 20 14:55:04 +0000 2024,"<User id=""1527875389439508481"">",ğŸš¨ someone lost $3.05 million worth of Pendle tokens to phishing scams about 4 minutes ago. https://t.co/1uDeDj6GsO,,
1770370588395364557,Wed Mar 20 08:43:34 +0000 2024,"<User id=""1527875389439508481"">",Please Revoke ASAPğŸ‘‡,,
1770227728014614913,Tue Mar 19 23:15:54 +0000 2024,"<User id=""1527875389439508481"">",ğŸš¨ Trezor X account is currently compromised. https://t.co/Hm4Q3JOGje,,
1769984754282320312,Tue Mar 19 07:10:24 +0000 2024,"<User id=""1527875389439508481"">",ğŸš¨ Our extension has alerted users to 167 fake accounts in the past 24 hours.\n\nğŸ‘‰ Stay alert and ensure your safety! https://t.co/duXwqdg3JE,,
1769748558847324373,Mon Mar 18 15:31:51 +0000 2024,"<User id=""1527875389439508481"">","ğŸ’¸ about 20 minutes ago, someone lost $1.39 million worth of Mantle ETH staked in EigenLayer. https://t.co/QcyQjwlVC2",,
1769628199548485725,Mon Mar 18 07:33:35 +0000 2024,"<User id=""1527875389439508481"">",someone lost $2.48 million to phishing scams about 30 minutes ago. https://t.co/yu85WLrddK,,
1769628199548485725,Mon Mar 18 07:33:35 +0000 2024,"<User id=""1527875389439508481"">",someone lost $2.48 million to phishing scams about 30 minutes ago. https://t.co/yu85WLrddK,,
1769557208680067545,Mon Mar 18 02:51:29 +0000 2024,"<User id=""1527875389439508481"">",ğŸš¨ fake accounts tried to use Punycode in usernames to bypass detection.\n\nğŸ¦ğŸ’¡ turns out Punycode can also be used in Twitter usernames! ğŸ›¡ï¸âœ¨ https://t.co/f76wUWF8LM,,
1769545136667861411,Mon Mar 18 02:03:31 +0000 2024,"<User id=""1527875389439508481"">","ğŸš¨ some of the fake accounts we've detected recently impersonating @ether_fi @Mint_Blockchain @swellnetworkio @0xDekadente\n\nğŸ‘‰ Stay vigilant, stay safe! https://t.co/IzNAbQU07W",,
1769391129244696960,Sun Mar 17 15:51:33 +0000 2024,"<User id=""1527875389439508481"">",RT @ParaChainz: Appreciate this @realScamSniffer  -- downloaded your extension and noticed it started putting these on Phishing links posteâ€¦,,
1769348396392022248,Sun Mar 17 13:01:45 +0000 2024,"<User id=""1527875389439508481"">","If you are scammed, please report it to themğŸ‘‡",,
1769338598909001842,Sun Mar 17 12:22:49 +0000 2024,"<User id=""1527875389439508481"">","âš ï¸ can you identify if these accounts are genuine? If not, you risk being phished by fake accounts we've recently detected. https://t.co/4P1wj6ztbB",,
1767166851082252680,Mon Mar 11 12:33:04 +0000 2024,"<User id=""1527875389439508481"">","ğŸ’¸ Losses due to phishing in 2024 have already exceeded $100 million.\n\nğŸ›¡ï¸ To better protect our users, the Scam Sniffer Chrome extension has now started detecting phishing links on Twitter proactively! https://t.co/eYHPcfPxUH",,
1769268183868080439,Sun Mar 17 07:43:01 +0000 2024,"<User id=""1527875389439508481"">","ğŸš¨ about 31 minutes ago, someone's wallet was drained of $304,842 in USDC. https://t.co/xNfshkMwJt",,
1769216593689731106,Sun Mar 17 04:18:01 +0000 2024,"<User id=""1527875389439508481"">","ğŸš¨ Fake Account Warning ğŸš¨\n2 days ago, we added a real-time fake account check feature to our Chrome extension. \n\ntoday, it successfully alerted us to a fake account case involving the theft of $2.6 million, as reported by @zachxbt. https://t.co/6xFaiuOiXg",,
1769216593689731106,Sun Mar 17 04:18:01 +0000 2024,"<User id=""1527875389439508481"">","ğŸš¨ Fake Account Warning ğŸš¨\n2 days ago, we added a real-time fake account check feature to our Chrome extension. \n\ntoday, it successfully alerted us to a fake account case involving the theft of $2.6 million, as reported by @zachxbt. https://t.co/6xFaiuOiXg",,
1769174675811406155,Sun Mar 17 01:31:27 +0000 2024,"<User id=""1527875389439508481"">",RT @zachxbt: An account impersonating @blknoiz06 phished &gt;$2.6M today just by replying to each of his posts taking advantage of the recentâ€¦,,
1769164769771307129,Sun Mar 17 00:52:05 +0000 2024,"<User id=""1527875389439508481"">","Best joke of the day:\nWhile testing a Solana Drainer, accidentally confirmed a phishing transaction, leading to a loss of approximately $10k worth of SOL. https://t.co/Y0oCda03R3",,
1769020979714634213,Sat Mar 16 15:20:43 +0000 2024,"<User id=""1527875389439508481"">",under protected ğŸ‘‡,,
1769004046101397549,Sat Mar 16 14:13:25 +0000 2024,"<User id=""1527875389439508481"">","7 minutes ago, Angel's Drainer fee address transferred 137 ETH to 0xb77e3d3fdf12d1d568bcce85a767cfb95ca2617c. https://t.co/4FCFGyz3zz",,
1768879585956167744,Sat Mar 16 05:58:52 +0000 2024,"<User id=""1527875389439508481"">","someone lost $507,964 worth of NFTs and tokens to phishing scams about 4 hours ago. https://t.co/LgPopNeuLV",,
1768844216627793974,Sat Mar 16 03:38:19 +0000 2024,"<User id=""1527875389439508481"">",Removing Scam Sniffer and upgrading to version 0.0.25 will resolve the issue.ğŸ«¡ https://t.co/fii72OguzW,1768844209157492903,
1768844209157492903,Sat Mar 16 03:38:17 +0000 2024,"<User id=""1527875389439508481"">",Further investigation revealed that the primary issue is a conflict between our newly added multi-wallet support last week and OKX Wallet's latest update 2.87.0 on March 14.\n\nWe apologize for the inconvenience. ğŸ™ https://t.co/PCzCEWz1v5,,
1768661512095400226,Fri Mar 15 15:32:19 +0000 2024,"<User id=""1527875389439508481"">","âš ï¸ Our Chrome extension conflicts with the OKX wallet. If Chrome slows or crashes, please disable Scam Sniffer. A fix is under review. Sorry for the inconvenience.ğŸ™ https://t.co/wHjxAlG4jd",,
1768591740989296659,Fri Mar 15 10:55:04 +0000 2024,"<User id=""1527875389439508481"">",âš ï¸ did this person mistakenly transfer $1.36 million to the USDT contract address? https://t.co/Jn6oSKEWtq,,
1768121423376351477,Thu Mar 14 03:46:12 +0000 2024,"<User id=""1527875389439508481"">",ğŸš¨ someone lost $2 million worth of https://t.co/zmUvPRSRz2 ETH to phishing scams about 1 hour ago. https://t.co/vh627nD1cE,,
1768121423376351477,Thu Mar 14 03:46:12 +0000 2024,"<User id=""1527875389439508481"">",ğŸš¨ someone lost $2 million worth of https://t.co/zmUvPRSRz2 ETH to phishing scams about 1 hour ago. https://t.co/vh627nD1cE,,
1768070802585645292,Thu Mar 14 00:25:03 +0000 2024,"<User id=""1527875389439508481"">","someone lost $229,029 worth of Puffer ETH to phishing scams about a few minutes ago. https://t.co/8NsiDrYdVh",,
1768063706997694501,Wed Mar 13 23:56:51 +0000 2024,"<User id=""1527875389439508481"">","Your favorite revoke tool has now integrated ScamSniffer's blocklist, which can now highlight phishing approvals for you.\n\nğŸ’¸ Losses due to phishing in 2024 have already exceeded $100 million.\nğŸš¨ If you've been phished, revoking any approvals you gave is CRITICAL!",,
1767936371304583623,Wed Mar 13 15:30:52 +0000 2024,"<User id=""1527875389439508481"">","someone lost $207,079 worth of Pendle LP token to phishing scams about 20 minutes ago. https://t.co/Fy1Ofu4eRP",,
1767876348809445832,Wed Mar 13 11:32:21 +0000 2024,"<User id=""1527875389439508481"">","SecWareX, the personal security service platform launched by @GoPlusSecurity, kicks off the phishing scam hunting quest.\n\nScamSniffer contributes a quest to which you can earn their energy blocks by participating.",,
1767851090408800315,Wed Mar 13 09:51:59 +0000 2024,"<User id=""1527875389439508481"">","ğŸš¨ If you've been phished, revoking any approvals you gave is CRITICAL. \n\nAct now to secure your wallets! ğŸ›¡ï¸ğŸ’¼ \nDon't give scammers a second chance. âŒğŸ’¸ https://t.co/ei13TXxxyp",,
1767732448903713188,Wed Mar 13 02:00:33 +0000 2024,"<User id=""1527875389439508481"">",ğŸš¨ Wallet drainers use IPFS for hosting! They also used the Cloudflare IPFS gateway.,,
1767166851082252680,Mon Mar 11 12:33:04 +0000 2024,"<User id=""1527875389439508481"">","ğŸ’¸ Losses due to phishing in 2024 have already exceeded $100 million.\n\nğŸ›¡ï¸ To better protect our users, the Scam Sniffer Chrome extension has now started detecting phishing links on Twitter proactively! https://t.co/eYHPcfPxUH",,
1767166854957834478,Mon Mar 11 12:33:05 +0000 2024,"<User id=""1527875389439508481"">",DownloadğŸ‘‰https://t.co/hELjF30q63,1767166851082252680,
1767057265486696740,Mon Mar 11 05:17:37 +0000 2024,"<User id=""1527875389439508481"">",RT @TheBlock__: $104 million in crypto lost to phishing incidents within two months of 2024 https://t.co/fxPxP41bjK,,
1766758144020217933,Sun Mar 10 09:29:00 +0000 2024,"<User id=""1527875389439508481"">","ğŸš¨ [1/6] ScamSniffer's February Phishing Report\nIn February, about 57,000 victims lost approximately $47 million to crypto phishing scams.\nCompared to January, the number of victims who lost over $1 million decreased by 75%. https://t.co/UgZk0K91lH",,
1766104248696406370,Fri Mar 08 14:10:40 +0000 2024,"<User id=""1527875389439508481"">","someone's wallet got drained by phishing scams about 1 hour ago, $289,768 worth of Ribbon. https://t.co/4AuVDLZdNx",,
1766052918980231240,Fri Mar 08 10:46:42 +0000 2024,"<User id=""1527875389439508481"">","someone's wallet was drained by phishing scams about 3 hours ago,  $143,641 worth of USDC. https://t.co/dGRlvY5jq5",,
1765631961392091602,Thu Mar 07 06:53:58 +0000 2024,"<User id=""1527875389439508481"">","ğŸš¨ someone's wallet was drained by phishing scams about 1 hour ago,\n\n$674,356 worth of USDC! https://t.co/HWh3FrNzxg",,
1765584542059098338,Thu Mar 07 03:45:32 +0000 2024,"<User id=""1527875389439508481"">",ğŸš¨ every airdrop is also a scammer's carnival ğŸš¨\n\nyou wouldn't believe that the gold-labeled accounts are actually fake Wormhole accounts ğŸš«ğŸš« https://t.co/ih2Zxbcpkf,,
1765562029400797471,Thu Mar 07 02:16:05 +0000 2024,"<User id=""1527875389439508481"">","ğŸš¨ someone's wallet was drained by a Uniswap Permit2 signature.\n\n6 tokens worth of $384,178. https://t.co/tl3VsdMUYP",,
1765359472183230645,Wed Mar 06 12:51:11 +0000 2024,"<User id=""1527875389439508481"">","someone lost $736,052 worth of $PAAL to phishing scams about 42 minutes ago. https://t.co/mqyiFci09s",,
1765359472183230645,Wed Mar 06 12:51:11 +0000 2024,"<User id=""1527875389439508481"">","someone lost $736,052 worth of $PAAL to phishing scams about 42 minutes ago. https://t.co/mqyiFci09s",,
1764998682112643286,Tue Mar 05 12:57:32 +0000 2024,"<User id=""1527875389439508481"">","someone lost $809,046 worth of Frax ETH and Aave ETH to phishing scams about 1 hour ago https://t.co/OjhfBkvAj4",,
1764613781509025972,Mon Mar 04 11:28:05 +0000 2024,"<User id=""1527875389439508481"">",ğŸš¨ Wallet Drainer exploits numerical addresses to bypass security alerts!\n\nğŸ§µ 1/6 https://t.co/mvXQrryYSJ,,
1764562334062956974,Mon Mar 04 08:03:39 +0000 2024,"<User id=""1527875389439508481"">",ğŸš¨ someone lost $1.72 million worth of Lido ETH to phishing scams about 10 minutes ago. https://t.co/GVtvtXNkxg,,
1764463938261967206,Mon Mar 04 01:32:39 +0000 2024,"<User id=""1527875389439508481"">",the victim signed an Increase Allowance phishing transaction.\n\nhttps://t.co/4c9Uyv2GhO https://t.co/a7hhCHaPVd,1764463934143107527,
1764463930422784370,Mon Mar 04 01:32:37 +0000 2024,"<User id=""1527875389439508481"">","someone lost $207,606 worth of @ether_fi ETH to phishing scams about 5 hours ago. https://t.co/OkDpa8psho",,
1764463930422784370,Mon Mar 04 01:32:37 +0000 2024,"<User id=""1527875389439508481"">","someone lost $207,606 worth of @ether_fi ETH to phishing scams about 5 hours ago. https://t.co/OkDpa8psho",,
1764323820566176086,Sun Mar 03 16:15:53 +0000 2024,"<User id=""1527875389439508481"">","Thank you all for your support! Our Chrome extension now has 20,000 users and has quadrupled in size over the past two months.\n\nWe will continue to provide excellent features to protect your crypto assetsğŸ«¡ https://t.co/XZbuc2IYK2",,
1764086498948010219,Sun Mar 03 00:32:51 +0000 2024,"<User id=""1527875389439508481"">","ğŸš¨ In the past 3 hours, $1.1 million worth of $PEPE was stolen from 2 victims. https://t.co/69stM1glTl",,
1763463004786729456,Fri Mar 01 07:15:18 +0000 2024,"<User id=""1527875389439508481"">",well doneğŸ«¡,,
1763427814588690743,Fri Mar 01 04:55:28 +0000 2024,"<User id=""1527875389439508481"">",There are too many phishing sites impersonating Blast!\n\nIt's time to remind you once again that clicking on links in Twitter comments is dangerous. https://t.co/T5WQIkhB8C,,
1763394411780812953,Fri Mar 01 02:42:44 +0000 2024,"<User id=""1527875389439508481"">",insane! someone lost $4.39 million worth of $ALI and $PUSH to crypto phishing about 29 minutes ago! https://t.co/sxped8KdLN,,
1763356550176161950,Fri Mar 01 00:12:17 +0000 2024,"<User id=""1527875389439508481"">","Beware of airdrop phishing sites impersonating Blast!\n\n1 hour ago, someone lost $717,817 of Aave BTC and Pandora after approving a scammer's Account Abstraction wallet on a phishing site. https://t.co/tCBVAUDs4T",,
1763192459524526568,Thu Feb 29 13:20:15 +0000 2024,"<User id=""1527875389439508481"">","someone lost $128,347 worth of NFTs to phishing scams about 45 minutes ago https://t.co/ggt2gsVgqi",,
1763188775050739873,Thu Feb 29 13:05:37 +0000 2024,"<User id=""1527875389439508481"">","RT @Rabby_io: Rabby Mobile iOS version is now live on App Store!\n\nConnect your mobile wallet, upgrade your experience TODAY.\nğŸ‘‰ https://t.coâ€¦",,
1763000588927906146,Thu Feb 29 00:37:50 +0000 2024,"<User id=""1527875389439508481"">",victim:\n0x655804c7b9fac78eefcdd6f41d3bc521d4082bce\n\nscammer:\n0x85a4e4a24ac41adaee3f40f5bb34e62aabca6376\n\nhttps://t.co/TxwgRxzCJ2,1763000585958371703,
1763000588927906146,Thu Feb 29 00:37:50 +0000 2024,"<User id=""1527875389439508481"">",victim:\n0x655804c7b9fac78eefcdd6f41d3bc521d4082bce\n\nscammer:\n0x85a4e4a24ac41adaee3f40f5bb34e62aabca6376\n\nhttps://t.co/TxwgRxzCJ2,1763000585958371703,
1763000585958371703,Thu Feb 29 00:37:49 +0000 2024,"<User id=""1527875389439508481"">",someone lost $1.54 million of $stETH and $wstETH to phishing scams about 2 hours ago. https://t.co/Axi5OjRCtz,,
1762867776795058331,Wed Feb 28 15:50:05 +0000 2024,"<User id=""1527875389439508481"">",ğŸ‘‡,,
1762843619021762626,Wed Feb 28 14:14:05 +0000 2024,"<User id=""1527875389439508481"">",RT @zachxbt: 1/ An investigation into the phishing scammer Ultra (Nicolas) who has stolen millions through Discord compromises such as Metaâ€¦,,
1762796774081937828,Wed Feb 28 11:07:56 +0000 2024,"<User id=""1527875389439508481"">","22 minutes ago, someone lost $313,677 of $BTC and $ETH to phishing scams. https://t.co/aahvHWPBnK",,
1762729523043549565,Wed Feb 28 06:40:42 +0000 2024,"<User id=""1527875389439508481"">","2 minutes ago, a victim lost $30,000 by copying the wrong address from a contaminated transfer history. https://t.co/6Y3ndOmOWV",,
1762495678859936042,Tue Feb 27 15:11:30 +0000 2024,"<User id=""1527875389439508481"">","about 1 hour ago, someone lost $202,626 to crypto-investment scams.\n\nhttps://t.co/6B7pURw2gW https://t.co/lGVloQ5JrN",,
1762150598491934950,Mon Feb 26 16:20:16 +0000 2024,"<User id=""1527875389439508481"">","about 1 hour ago, Angel Drainer's fee address transferred 216 ETH to 0xe18845f26145d8008b9541e23Ed3C3354A3B32a5. https://t.co/7Cj8h8vS75",,
1762103911413117077,Mon Feb 26 13:14:45 +0000 2024,"<User id=""1527875389439508481"">","about 7 hours ago, a phishing scammer deposited 100 ETH into Lido. https://t.co/v2m4MZXCt5",,
1762034897873772715,Mon Feb 26 08:40:31 +0000 2024,"<User id=""1527875389439508481"">",RT @zachxbt: Seeing some suspicious activity with the crypto exchange @bitforexcom. \n\nOn Feb 23 their hot wallets saw outflows of ~$56.5M.â€¦,,
1761916915239530831,Mon Feb 26 00:51:42 +0000 2024,"<User id=""1527875389439508481"">","someone lost $424,786 worth of $wBAI, $wPOKT, and $CHEX to phishing scams about 5 minutes ago. https://t.co/GEJvHEXuM7",,
1761922378395951452,Mon Feb 26 01:13:24 +0000 2024,"<User id=""1527875389439508481"">",the victim may have clicked on a phishing website from the compromised MicroStrategy X account. https://t.co/vdistniFXN,,
1761916915239530831,Mon Feb 26 00:51:42 +0000 2024,"<User id=""1527875389439508481"">","someone lost $424,786 worth of $wBAI, $wPOKT, and $CHEX to phishing scams about 5 minutes ago. https://t.co/GEJvHEXuM7",,
1761919236929446309,Mon Feb 26 01:00:55 +0000 2024,"<User id=""1527875389439508481"">","the victim signed a Uniswap Permit2 permit batch signature, it gives multiple token approvals to the spender `0xb9c899360ddf1332cb7308098454b2766d5ac583 `\n\nhttps://t.co/0vK9wZy6wM https://t.co/4hzonQC8ws",1761916918641074266,
1761583465655619983,Sun Feb 25 02:46:41 +0000 2024,"<User id=""1527875389439508481"">","ğŸš¨ wallet drainers start using the Account Abstraction wallet for draining!\n\nthe same scammer has already drained $163,728 worth of $PANDORA by using this method. https://t.co/z9F3uzBMQb",,
1761564773127442536,Sun Feb 25 01:32:24 +0000 2024,"<User id=""1527875389439508481"">","RT @pcaversaccio: 1) TL;DR: If you have deposited to Tornado Cash using IPFS gateways ( like https://t.co/1hsQ7ob2Yr, https://t.co/kGNIzyZMâ€¦",,
1761235518422179922,Sat Feb 24 03:44:04 +0000 2024,"<User id=""1527875389439508481"">",ğŸš« another case tells you why revoking approvals Is crucial after falling victim to phishing @RevokeCash \n\nhttps://t.co/qr2Kzu4C8f https://t.co/8lPhagp2b6,,
1761212651320070494,Sat Feb 24 02:13:12 +0000 2024,"<User id=""1527875389439508481"">",someone lost 1 BAYC to phishing scams about 2 minutes ago.\n\nhttps://t.co/Xv39eBRAPG https://t.co/FoSspfXR62,,
1760571895303549090,Thu Feb 22 07:47:04 +0000 2024,"<User id=""1527875389439508481"">","3 hours ago, a victim lost $495,392 of $USDC to phishing scams. https://t.co/RXe7STCU17",,
1760571895303549090,Thu Feb 22 07:47:04 +0000 2024,"<User id=""1527875389439508481"">","3 hours ago, a victim lost $495,392 of $USDC to phishing scams. https://t.co/RXe7STCU17",,
1760124587298488508,Wed Feb 21 02:09:37 +0000 2024,"<User id=""1527875389439508481"">",Beware of fake @CelestiaOrg GitHub jobs!\nIt aims to extract sensitive information from your code repositories after gaining authorization. https://t.co/TyDnS73yKn,,
1760102227870650739,Wed Feb 21 00:40:46 +0000 2024,"<User id=""1527875389439508481"">","about 5 hours ago, someone lost 11 different tokens worth about $100k after signing a malicious Uniswap Permit2 `PermitBatch` phishing signature. https://t.co/PL67SfKb29",,
1759602937817661772,Mon Feb 19 15:36:46 +0000 2024,"<User id=""1527875389439508481"">",someone lost 2 CryptoPunks to phishing scams about 17 hours ago. https://t.co/iE2YZpFCna,,
1759579958840844750,Mon Feb 19 14:05:28 +0000 2024,"<User id=""1527875389439508481"">",RT @moo9000: Wallet drainers being modified to bypass any transaction simulation https://t.co/IP71TnRnEh,,
1759138719960072277,Sun Feb 18 08:52:08 +0000 2024,"<User id=""1527875389439508481"">",well doneğŸ«¡,,
1759054850552463711,Sun Feb 18 03:18:52 +0000 2024,"<User id=""1527875389439508481"">","1 hour ago, someone lost $864,984 worth of stETH, aUSDC, and ezETH to phishing scams. https://t.co/1Pyn9EKrtV",,
1758860199895674928,Sat Feb 17 14:25:24 +0000 2024,"<User id=""1527875389439508481"">","wallet drainers became excited after seeing this drainer transaction worth $91 million,\nbut then they realized it was just a shitcoin ğŸ‘€\nhttps://t.co/xJoRrNbNC1 https://t.co/f9lJROBhvY",,
1758306802310267089,Fri Feb 16 01:46:24 +0000 2024,"<User id=""1527875389439508481"">",victim:\n0x83664b8a83b9845ac7b177df86d0f5bf3b7739ad\n\nscammers:\n0x98c6ced9b18d57ee58820e61aa126c0fec30435d\n0xfeb5BCbB85E77F42b9B89d8772d4f6C7C5183Aa4\n0x09e0cA7E92E2B893f07cdAE75C011C3606ecD61a\n\nhttps://t.co/TDE2aezbuG,1758306798984155536,
1758306798984155536,Fri Feb 16 01:46:23 +0000 2024,"<User id=""1527875389439508481"">",someone lost $5.17 million of $BEAM to phishing scams about 9 hours ago. https://t.co/bjumaaPLYv,,
1758138860280914074,Thu Feb 15 14:39:03 +0000 2024,"<User id=""1527875389439508481"">",that's awesome!,,
1757941813867118809,Thu Feb 15 01:36:04 +0000 2024,"<User id=""1527875389439508481"">","thanks to @samczsun for initiating and gathering so many people, ScamSniffer is very excited to participate in it, let's contribute to the security of crypto together!",,
1757653008538849294,Wed Feb 14 06:28:27 +0000 2024,"<User id=""1527875389439508481"">","4 hours ago, a victim lost $96,164 worth of Uniswap liquidity NFT after signing malicious approval transactions.\n\nand the scammer used a Safe wallet address to receive the liquidity NFT's approval. https://t.co/Nte1bfYziq",,
1757237469387628911,Tue Feb 13 02:57:15 +0000 2024,"<User id=""1527875389439508481"">","48 minutes ago, Angel's Drainer fee address has transferred 186 ETH to 0x2300BFD7c95bBE8b5A351b4c66707401E781556a. https://t.co/gbcisFn0iI",,
1756659023821373674,Sun Feb 11 12:38:43 +0000 2024,"<User id=""1527875389439508481"">",our @scamsniffer_ got suspended without reason too!,,
1756596434269606398,Sun Feb 11 08:30:00 +0000 2024,"<User id=""1527875389439508481"">","6 minutes ago, a victim lost $416,212 worth of $USDC and $USDT to phishing scams. https://t.co/I6OCiGl0Ug",,
1756589227465490629,Sun Feb 11 08:01:22 +0000 2024,"<User id=""1527875389439508481"">",RT @ChainArgos: An understandable Tether blacklisting: 0xf29eb1bcc4b778e4b44904e575753c5c492c4d11 was blacklisted 9th Feb.\n\nThe inflows areâ€¦,,
1756547307477307853,Sun Feb 11 05:14:47 +0000 2024,"<User id=""1527875389439508481"">","someone lost $51,822 worth of $ETH and NFTs to phishing scams about 15 minutes ago. https://t.co/btDTwmUGqD",,
1756547307477307853,Sun Feb 11 05:14:47 +0000 2024,"<User id=""1527875389439508481"">","someone lost $51,822 worth of $ETH and NFTs to phishing scams about 15 minutes ago. https://t.co/btDTwmUGqD",,
1756136931162038432,Sat Feb 10 02:04:06 +0000 2024,"<User id=""1527875389439508481"">",this address has been added to the blacklist by Tether!\n\nhttps://t.co/L25XnuY4Dc https://t.co/0ZGr7fRgAF,,
1756135179419345188,Sat Feb 10 01:57:08 +0000 2024,"<User id=""1527875389439508481"">","ğŸš¨ in Solana, scammers use a switch to fake simulation results:\n- enable switch\n- users saw the fake simulation results while signing malicious transactions\n- scammers disable the switch and execute the transaction\n- user's assets are stolen https://t.co/tEVczz4WIl",,
1755862295224459675,Fri Feb 09 07:52:48 +0000 2024,"<User id=""1527875389439508481"">","5 minutes ago, a victim lost $1.04 million by copying the wrong address from a contaminated transfer history. https://t.co/DDphtf3OY4",,
1755855799296102514,Fri Feb 09 07:26:59 +0000 2024,"<User id=""1527875389439508481"">",ğŸ§µ 2/6\n\nphishing attacks spiked with airdrops and popular project events. always be extra cautious during these periods! https://t.co/FPlv51CYPp,1755855792933368250,
1755855792933368250,Fri Feb 09 07:26:57 +0000 2024,"<User id=""1527875389439508481"">","ğŸš¨ ScamSniffer's January Phishing Report ğŸš¨\n\nğŸ§µ 1/6\n\nin January, over $55M was stolen in phishing scams across EVM chains. Top 7 victims lost $17M! https://t.co/Fq0tulYkVB",,
1755386747750363458,Thu Feb 08 00:23:08 +0000 2024,"<User id=""1527875389439508481"">","someone lost $236,276 worth of Aave WBTC and USDC to phishing scams about 5 minutes ago. https://t.co/gxtE9MT3aD",,
1755075989854675246,Wed Feb 07 03:48:18 +0000 2024,"<User id=""1527875389439508481"">","someone lost $236,850 worth of $pufETH to phishing scams about 3 hours ago. https://t.co/F17mxdXmzf",,
1755075989854675246,Wed Feb 07 03:48:18 +0000 2024,"<User id=""1527875389439508481"">","someone lost $236,850 worth of $pufETH to phishing scams about 3 hours ago. https://t.co/F17mxdXmzf",,
1754413807949197337,Mon Feb 05 07:57:01 +0000 2024,"<User id=""1527875389439508481"">","someone lost $468,227 worth of Lido ETH and Coinbase ETH to phishing scams about 10 minutes ago. https://t.co/MArp8bSmib",,
1754147470639304824,Sun Feb 04 14:18:42 +0000 2024,"<User id=""1527875389439508481"">",the same scammer has stolen $1.14 million in just 2 daysğŸ‘‡\n\n0xe72681aee64b958e1f9df7db9eea98d1296bc36c\nhttps://t.co/LXCXIx4ONi https://t.co/kLFr8w1nbg,,
1754049509305516195,Sun Feb 04 07:49:26 +0000 2024,"<User id=""1527875389439508481"">","someone lost $197,931 worth of $wstETH to phishing scams about 42 minutes ago. https://t.co/YIKIZU4QBg",,
1754009679582445778,Sun Feb 04 05:11:10 +0000 2024,"<User id=""1527875389439508481"">",beware of an impersonator of @porkcoineth; they even have a gold checkmark.\n\nwe have monitored a total of $150k worth of $PORK that has been drained so far. https://t.co/7P7tSnA67s,,
1753961383966937148,Sun Feb 04 01:59:15 +0000 2024,"<User id=""1527875389439508481"">","someone lost $183,950 worth of $ETH to phishing scams about 4 hours ago. https://t.co/isCYcphsqH",,
1753733429613752594,Sat Feb 03 10:53:27 +0000 2024,"<User id=""1527875389439508481"">","in #Solana, can you trust an address ending with 11111?\n\nno, you can't! check these addresses used by phishing scammersğŸ‘‡ https://t.co/d8UAlBS5ra",,
1753592847583080676,Sat Feb 03 01:34:49 +0000 2024,"<User id=""1527875389439508481"">",how to avoid being phished?\nbe cautious of phishing attempts in these common scenarios.\n\nfamiliarize yourself with common phishing signatures that can lead to the theft of your assets.\nhttps://t.co/FbeOaGkoqU https://t.co/qe6C5Wa2A4,1753592843275542835,
1753592843275542835,Sat Feb 03 01:34:48 +0000 2024,"<User id=""1527875389439508481"">",victim:\n0x562f300a2f4fa8f9f70c0cb4d8d3bcaba6cff199\n\nscammer:\n0x6f167B86443D04f4b1705A0c78b6cC6Ac691e381\n0xD0e30DdC05482249B22AB07f3181B8EAa48bECd5\n\nhttps://t.co/SuBqnGqagx,1753592838661849512,
1753592838661849512,Sat Feb 03 01:34:47 +0000 2024,"<User id=""1527875389439508481"">","someone lost $362,808 worth of $LINK to phishing scams about 2 hours ago. https://t.co/U2bf48oGLQ",,
1753425680065585207,Fri Feb 02 14:30:33 +0000 2024,"<User id=""1527875389439508481"">",drained $1.68 million in just 40 hours.\n\n- 0xf29eb1bcc4b778e4b44904e575753c5c492c4d11 https://t.co/Q1LoSkovoA,,
1753425680065585207,Fri Feb 02 14:30:33 +0000 2024,"<User id=""1527875389439508481"">",drained $1.68 million in just 40 hours.\n\n- 0xf29eb1bcc4b778e4b44904e575753c5c492c4d11 https://t.co/Q1LoSkovoA,,
1753368963000705144,Fri Feb 02 10:45:11 +0000 2024,"<User id=""1527875389439508481"">","someone lost $203,359 worth of tokens to phishing scams about 1 hour ago.\n\nhe signed multiple different kinds of phishing signatures ğŸ‘€ https://t.co/bzME3W1koN",,
1753217529173123443,Fri Feb 02 00:43:26 +0000 2024,"<User id=""1527875389439508481"">","someone lost $370,274 worth of $stETH and CryptoPunk #2443 to phishing scams about 2 hours ago. https://t.co/AW7QjFDTK7",,
1753222239078830455,Fri Feb 02 01:02:09 +0000 2024,"<User id=""1527875389439508481"">","someone lost $10,791 worth of $SOL to phishing scams about 1 hour ago. \n\nhe just withdrew it from Binance 1 minute before. https://t.co/vQwk6PR5PN",,
1753214347667771727,Fri Feb 02 00:30:48 +0000 2024,"<User id=""1527875389439508481"">","RT @Plumferno: Alright, buckle up folks. You're in for a ride.\n\nI would like to present, in collaboration with @0xFantasy; who, like myselfâ€¦",,
1753074429918408928,Thu Feb 01 15:14:49 +0000 2024,"<User id=""1527875389439508481"">",they have created a few more accounts to impersonate @Optimism @zksync @inscribe_app @Portalcoin\n\ncan you identify which one is real? https://t.co/WdVTSd6e4q,,
1753065570462052378,Thu Feb 01 14:39:37 +0000 2024,"<User id=""1527875389439508481"">","phishing transaction detection for `queueWithdrawal` that targets @eigenlayer's users has been added to our real-time transaction security check engine, \n\nand you will receive corresponding alerts from our browser extension. https://t.co/FUKvFWz2Ni",,
1753051832950419572,Thu Feb 01 13:45:01 +0000 2024,"<User id=""1527875389439508481"">","someone lost $191,184 worth of $ezETH to phishing scams about 40 minutes ago. https://t.co/7cPTIsY9LT",,
1753012846945063038,Thu Feb 01 11:10:06 +0000 2024,"<User id=""1527875389439508481"">",RT @oscarxferral: New scam/threat actor alert! âš ï¸\n\nTL;DR: Do not open PDF files from unknown sources.\n\nHere's what happened:\n\n1/ğŸ§µ\n\nTwo daysâ€¦,,
1752905128330563927,Thu Feb 01 04:02:04 +0000 2024,"<User id=""1527875389439508481"">","another case like `signalTransfer` shows how refined the approach they are to steal specific assets.\n\ntill now, over 50 victims have signed `queueWithdrawal` phishing transactions on Mainnet. https://t.co/NgIivEgHPq",,
1752697540280221743,Wed Jan 31 14:17:11 +0000 2024,"<User id=""1527875389439508481"">",$112.5M worth of XRP was hacked!,,
1752523644474175599,Wed Jan 31 02:46:11 +0000 2024,"<User id=""1527875389439508481"">","someone lost $33,856 worth of $ONDO to phishing scams about 27 minutes ago.\n\nhttps://t.co/jPVTZheqtq https://t.co/7HtLOGW83m",,
1752285553700282504,Tue Jan 30 11:00:06 +0000 2024,"<User id=""1527875389439508481"">","ğŸš¨ Can you tell real from fake Twitter accounts? with phishing on the rise, spotting the difference is crucial. \n\nover $10M was stolen from victims this past week alone! https://t.co/2ejhV1DVlx",,
1752137143974293534,Tue Jan 30 01:10:22 +0000 2024,"<User id=""1527875389439508481"">","scammer sold 5 PudgyPenguins to 83 ETH($192,832) about 48 minutes ago.\n\nhttps://t.co/ojKj9SbM3H https://t.co/JFu2yKQHiD",,
1751998043409494157,Mon Jan 29 15:57:38 +0000 2024,"<User id=""1527875389439508481"">",2 PudgyPenguins were drained by phishing about 50 minutes ago.\n\nhttps://t.co/9q3otqD9AU https://t.co/XK2DBMIboQ,,
1751196068291989562,Sat Jan 27 10:50:52 +0000 2024,"<User id=""1527875389439508481"">",$SUPER's price dumped 20% cause of this https://t.co/zztFMVWzaV,,
1751180101805613544,Sat Jan 27 09:47:26 +0000 2024,"<User id=""1527875389439508481"">",how to avoid being phished? be cautious of phishing attempts in these common scenarios. https://t.co/C8tqqqe8jf,1751180097921687732,
1751177614151344200,Sat Jan 27 09:37:33 +0000 2024,"<User id=""1527875389439508481"">",another victim lost $2.34 million worth of $SUPER to crypto phishing about 45 minutes ago.\n\nhttps://t.co/oSb7kjuhai https://t.co/DYDCxEDQJS,,
1751177618077208630,Sat Jan 27 09:37:34 +0000 2024,"<User id=""1527875389439508481"">",victim:\n0xc9f304efe0acc225408797d58a53dfd6a29cd83c\n\nscammer:\n0x8f9278aab84290fe6e78515b7938b3136b89a1e2,1751177614151344200,
1751177614151344200,Sat Jan 27 09:37:33 +0000 2024,"<User id=""1527875389439508481"">",another victim lost $2.34 million worth of $SUPER to crypto phishing about 45 minutes ago.\n\nhttps://t.co/oSb7kjuhai https://t.co/DYDCxEDQJS,,
1750905114054087078,Fri Jan 26 15:34:44 +0000 2024,"<User id=""1527875389439508481"">",how to avoid being phished? be cautious of phishing attempts in these common scenarios. https://t.co/Chl1qfFqxn,1750905109801013412,
1750900902490501254,Fri Jan 26 15:17:59 +0000 2024,"<User id=""1527875389439508481"">","someone lost $618,796 worth of aEthWBTC, rsETH, and swETH to phishing scams about 15 minutes ago.\n\nhttps://t.co/a38Df7ynp3 https://t.co/JcURgxUKsf",,
1750900906303103163,Fri Jan 26 15:18:00 +0000 2024,"<User id=""1527875389439508481"">",victim:\n0x9ceb3c99cc31e95438c63b27a59f185fc3517222\n\nscammer:\n0xf4279d3801c931cb6bfe2f8ccb057c32a52c4921,1750900902490501254,
1750874583144824983,Fri Jan 26 13:33:24 +0000 2024,"<User id=""1527875389439508481"">",over $10 million was stolen across 4 victims in just 5 days.\n\nwhat we can learn from that? A few key insights:\n- create2 is standard\n- collateral token\n- erc20 permit https://t.co/kgdkIjkjXx,,
1750544192378695768,Thu Jan 25 15:40:33 +0000 2024,"<User id=""1527875389439508481"">",insane! someone lost $2.66m worth of aEthWETH and SAVM to crypto phishing about 10 minutes ago!\n\nhttps://t.co/xvQnvaIpus https://t.co/4G5pHl617W,,
1750516462362784038,Thu Jan 25 13:50:22 +0000 2024,"<User id=""1527875389439508481"">",a victim lost $4.4 million by copying the wrong address from a contaminated transfer history about 22 days ago. https://t.co/oA957BLtoT,,
1750516462362784038,Thu Jan 25 13:50:22 +0000 2024,"<User id=""1527875389439508481"">",a victim lost $4.4 million by copying the wrong address from a contaminated transfer history about 22 days ago. https://t.co/oA957BLtoT,,
1750456068701032825,Thu Jan 25 09:50:23 +0000 2024,"<User id=""1527875389439508481"">",someone lost $1.1 million worth of LINK to crypto phishing about 1 hour ago.\n\nvictim signed a malicious swap transaction!  $812k LINK to $494k ETH ğŸ‘€\n\nhttps://t.co/BjtkjHRnut https://t.co/5xF7RiNb7u,,
1750363169070145950,Thu Jan 25 03:41:14 +0000 2024,"<User id=""1527875389439508481"">","someone lost $164,398 worth of PudgyPenguins about 20 minutes ago.\n\nthe victim signed a malicious Blur Bulk signature.\nhttps://t.co/x0NSu5G6PD https://t.co/qhwST8IClX",,
1750346865755979837,Thu Jan 25 02:36:27 +0000 2024,"<User id=""1527875389439508481"">","$105,000 was stolen due to a malicious Permit2 signature.\n\nbut there is still $2,000 left. do you think this is the mercy of the scammers?\n\nno, the only reason is that the victim only approved $5k to Permit2.\nhttps://t.co/2oTDa4dKAE https://t.co/PfgWJ0Pk0T",,
1750296337407787169,Wed Jan 24 23:15:40 +0000 2024,"<User id=""1527875389439508481"">",RT @Wii_Mee: Losing $100.000 with a gasless signature?\n\nOnly in web3. ğŸ“º https://t.co/JxAznZKHVb,,
1750059571983597792,Wed Jan 24 07:34:51 +0000 2024,"<User id=""1527875389439508481"">","someone lost $1.18 million worth of BUSD, USDT, and USDC to crypto phishing about 8 hours ago.\n\nhttps://t.co/TyokOf2ZuC https://t.co/baykiVSrHc",,
1749773359444111688,Tue Jan 23 12:37:32 +0000 2024,"<User id=""1527875389439508481"">","checked CoinTelegraph, Token Terminal, and DeFi's CNAME of `litesrv._domainkey`, seems they all have used MailerLite.\n\nvery likely they have found an exploit in MailerLite. https://t.co/ztpyU3K8St",,
1749760075579965609,Tue Jan 23 11:44:45 +0000 2024,"<User id=""1527875389439508481"">",crypto email phishing campaigns have grown rapidly recently ğŸ‘‡,,
1749760075579965609,Tue Jan 23 11:44:45 +0000 2024,"<User id=""1527875389439508481"">",crypto email phishing campaigns have grown rapidly recently ğŸ‘‡,,
1749667557332902018,Tue Jan 23 05:37:07 +0000 2024,"<User id=""1527875389439508481"">","the victim finally revoked the approvals about 2 hours ago, and the total amount stolen reached $4.7 million.",,
1749440032237060297,Mon Jan 22 14:33:01 +0000 2024,"<User id=""1527875389439508481"">","1/ Another 158 ETH were stolen again, timely approval revocation is crucial after falling victim to phishing. \n\ndespite efforts from ScamSniffer, @SlowMist_Team, @etherscan, @zachxbt, @1nf0s3cpt, @samczsun, and @h3idilao, the theft could not be rescued. https://t.co/UhmrGx6Ec1",,
1749224072180039887,Mon Jan 22 00:14:52 +0000 2024,"<User id=""1527875389439508481"">",insane! someone lost $4.20m worth of aEthWETH and aEthUNI to crypto phishing about 40 minutes ago!\n\nhttps://t.co/PqtYbfjrW5 https://t.co/2Nhx4HDQcK,,
1749224072180039887,Mon Jan 22 00:14:52 +0000 2024,"<User id=""1527875389439508481"">",insane! someone lost $4.20m worth of aEthWETH and aEthUNI to crypto phishing about 40 minutes ago!\n\nhttps://t.co/PqtYbfjrW5 https://t.co/2Nhx4HDQcK,,
1749047042675212671,Sun Jan 21 12:31:25 +0000 2024,"<User id=""1527875389439508481"">","ğŸš¨ Another victim lost $240,517 worth of USDC to phishing scams.\n\nhttps://t.co/1yI53wUcmK https://t.co/8ttBDhbv76",,
1748915616797659156,Sun Jan 21 03:49:10 +0000 2024,"<User id=""1527875389439508481"">","another victim lost $265,869 worth of tokens after signing multiple malicious phishing signatures on a phishing site about 1 hour ago.\n\nhttps://t.co/YGySCwL7a2 https://t.co/JZGdRZf2hF",,
1748627541391544445,Sat Jan 20 08:44:28 +0000 2024,"<User id=""1527875389439508481"">","After @phantom started warning about risky transactions for all the sites that are not in the whitelist, one of the drainers kept finding new small tricks to increase conversion rates.\n\nExample: Teach the victims to ignore the wallet warning!",,
1748203396669280470,Fri Jan 19 04:39:04 +0000 2024,"<User id=""1527875389439508481"">","one victim lost $104,978 worth of USDT after signing a malicious swap transaction on a phishing site about 2 hours ago.\n\nhttps://t.co/v5BnC02SIY https://t.co/kkkGw1oW8D",,
1747926490585727479,Thu Jan 18 10:18:44 +0000 2024,"<User id=""1527875389439508481"">",ğŸš¨Alert: A new email phishing campaign is targeting @TrustWallet users by leveraging Substack to send out phishing emails. https://t.co/ptGDFhBmK0,,
1747779151514443823,Thu Jan 18 00:33:16 +0000 2024,"<User id=""1527875389439508481"">","another victim lost $149,435 worth of tokens after signing malicious phishing signatures on a phishing site about 2 hours ago.\n\nhttps://t.co/bQiEE7FIxN https://t.co/0W7qwUUrHh",,
1747620095277343231,Wed Jan 17 14:01:14 +0000 2024,"<User id=""1527875389439508481"">","one victim lost $178,030 worth of Auction to phishing scams about 18 minutes ago.\n\njust withdrew from Binance to his wallet less than 24 hours ago.\nhttps://t.co/JQMEkKCKpS https://t.co/ObUVV5y7bv",,
1747180768680722891,Tue Jan 16 08:55:30 +0000 2024,"<User id=""1527875389439508481"">","according @MistTrack, 150 ETH of stolen funds were transferred to Railgun about 45 minutes ago.\n\nhttps://t.co/WTaqAUS939 https://t.co/ZmfnwKjWyE",,
1747115877064155180,Tue Jan 16 04:37:39 +0000 2024,"<User id=""1527875389439508481"">","one victim lost $229,553 worth of WBTC, and ETH after signing malicious phishing signatures on a phishing site about 10 minutes ago.\n\nhttps://t.co/TpCaMt3IRm https://t.co/hsboFyfSZ7",,
1747115877064155180,Tue Jan 16 04:37:39 +0000 2024,"<User id=""1527875389439508481"">","one victim lost $229,553 worth of WBTC, and ETH after signing malicious phishing signatures on a phishing site about 10 minutes ago.\n\nhttps://t.co/TpCaMt3IRm https://t.co/hsboFyfSZ7",,
1746933909949141182,Mon Jan 15 16:34:35 +0000 2024,"<User id=""1527875389439508481"">",one ARB holder lost $2.26 million worth of ARB after signing a malicious 'increaseAllowance' transaction on a phishing site about 6 days ago. https://t.co/8MlVosTvfJ,,
1746919089363415190,Mon Jan 15 15:35:41 +0000 2024,"<User id=""1527875389439508481"">",but your tokens can also be stolen due to malicious approvals!\n\nhttps://t.co/l7v7P1XJAI https://t.co/Ap6HVfbpDr,,
1746510103883477136,Sun Jan 14 12:30:32 +0000 2024,"<User id=""1527875389439508481"">","one victim lost $197,186 worth of stETH after signing a malicious ERC20 Permit signature on a phishing site about 40 minutes ago.\n\nhttps://t.co/LswQ9n9G8x https://t.co/AWyi4blfJF",,
1746297232260026489,Sat Jan 13 22:24:39 +0000 2024,"<User id=""1527875389439508481"">","We've also received reports of a victim losing $12,000 by clicking on a fake @1inch scam ad on DuckDuckGo.",,
1746190489886609852,Sat Jan 13 15:20:30 +0000 2024,"<User id=""1527875389439508481"">","5/ ğŸ’¸ One address associated with Node Drainer converted stolen USDC to ETH via AllBridge, making over $1 million in profit. https://t.co/urpUSE42iJ",1746190483859341610,
1746190469477130663,Sat Jan 13 15:20:25 +0000 2024,"<User id=""1527875389439508481"">","1/ ğŸš¨ Over $4M in assets have been stolen by sophisticated Solana wallet drainers, and nearly 4k users have fallen victim to these phishing attacks in the past month. https://t.co/qyNQthr7Wk",,
1746190479090483470,Sat Jan 13 15:20:27 +0000 2024,"<User id=""1527875389439508481"">","3/ ğŸ“ˆ After continuous tracking, they have stolen about $2.14 million from 2,189 victims so far.\n\nhttps://t.co/PRWNxH0msm https://t.co/PxKYifmNlU",1746190474795491553,
1746190474795491553,Sat Jan 13 15:20:26 +0000 2024,"<User id=""1527875389439508481"">",2/ ğŸŒˆ Scam Sniffer first noticed Rainbow Drainer after a victim reported an airdrop phishing incident to @evilcos \n\nhttps://t.co/eCwb3QY3Ab,1746190469477130663,
1746190469477130663,Sat Jan 13 15:20:25 +0000 2024,"<User id=""1527875389439508481"">","1/ ğŸš¨ Over $4M in assets have been stolen by sophisticated Solana wallet drainers, and nearly 4k users have fallen victim to these phishing attacks in the past month. https://t.co/qyNQthr7Wk",,
1746166042827837828,Sat Jan 13 13:43:21 +0000 2024,"<User id=""1527875389439508481"">","a victim lost $120,356 by copying the wrong address from a contaminated transfer history about 20 minutes ago. https://t.co/dPL34PSr4Y",,
1745814732345663738,Fri Jan 12 14:27:22 +0000 2024,"<User id=""1527875389439508481"">",Solana wallet drainers are now creating vanity addresses that end in '11111' to appear trustworthy. https://t.co/vGSTbMgvfE,,
1745470598221054407,Thu Jan 11 15:39:54 +0000 2024,"<User id=""1527875389439508481"">","RT @Malwarebytes: Hackers have found a way to gain unauthorized access to Google accounts, bypassing any multi-factor authentication the usâ€¦",,
1745443212695908370,Thu Jan 11 13:51:05 +0000 2024,"<User id=""1527875389439508481"">","RT @SlowMist_Team: Unraveling the nefarious actors of 2023 Blockchain ğŸ”\n\nIn this thread, weâ€™ll be diving into the nefarious actors of 2023.â€¦",,
1745399022549164234,Thu Jan 11 10:55:29 +0000 2024,"<User id=""1527875389439508481"">","one victim lost $1,041,122 worth of stETH after signing a malicious ERC20 Permit signature on a phishing site about 40 minutes ago.\n\nhttps://t.co/PmbhHC44fE https://t.co/MzQJvsNm7h",,
1745278575887221075,Thu Jan 11 02:56:52 +0000 2024,"<User id=""1527875389439508481"">",never trust the domain displayed on a Twitter card because it can be tampered with https://t.co/yOcZlntPe0,1745278572393378278,
1745278572393378278,Thu Jan 11 02:56:52 +0000 2024,"<User id=""1527875389439508481"">","another case of a social engineering attack resulted in Twitter authorizing a malicious third-party application, which led to the sending of phishing tweets. https://t.co/iwxRPJ4Rcc",,
1744699855224901733,Tue Jan 09 12:37:15 +0000 2024,"<User id=""1527875389439508481"">","wallet drainer has expanded its reach, now targeting Ethereum, Solana, and Tron. no longer limited to EVM chains. Stay alert! https://t.co/ccNwFtIlXU",,
1744676554666574006,Tue Jan 09 11:04:39 +0000 2024,"<User id=""1527875389439508481"">",RT @1nf0s3cpt: ğŸ”¥DeFiHackLabsGPT sometimes save me a lot of time.ğŸ¥³\n\nYou can findğŸ‘‡\n#GPT https://t.co/N7DgoojsIL,,
1744531409921015820,Tue Jan 09 01:27:54 +0000 2024,"<User id=""1527875389439508481"">","one victim lost $120,500 worth of PKR after signing a malicious Increase Allowance signature on a phishing site about 10 minutes ago.\n\nhttps://t.co/WuL5LoP3Gv https://t.co/PHBrGYn5Kc",,
1744371712085364921,Mon Jan 08 14:53:19 +0000 2024,"<User id=""1527875389439508481"">",RT @Rabby_io: ğŸš¨ Scam alert on Google search ads!\n\nThis sponsor ad redirects to a scam website. \n\nAlways double-check and confirm you're onâ€¦,,
1744300496381481240,Mon Jan 08 10:10:20 +0000 2024,"<User id=""1527875389439508481"">","A Safe Wallet user lost $54,900 by copying the wrong address from a contaminated transfer history about 4 days ago. https://t.co/GVERedm1Pu",,
1744300496381481240,Mon Jan 08 10:10:20 +0000 2024,"<User id=""1527875389439508481"">","A Safe Wallet user lost $54,900 by copying the wrong address from a contaminated transfer history about 4 days ago. https://t.co/GVERedm1Pu",,
1744170008010522869,Mon Jan 08 01:31:49 +0000 2024,"<User id=""1527875389439508481"">","another case of a social engineering attack resulted in Twitter authorizing a malicious third-party application, which led to the sending of phishing tweets. https://t.co/epZX4oyCQD",,
1744024557340721224,Sun Jan 07 15:53:51 +0000 2024,"<User id=""1527875389439508481"">","a victim lost $64,500 by copying the wrong address from a contaminated transfer history about 30 minutes ago.\n\nhttps://t.co/5377ys6tyZ https://t.co/JnCtLpnuGv",,
1743977545182421353,Sun Jan 07 12:47:02 +0000 2024,"<User id=""1527875389439508481"">","One victim lost $459,284 worth of Blur Pool ETH after signing a malicious Blur Bid signature on a phishing site about 55 minutes ago.\n\nhttps://t.co/Ef39lMWcuF https://t.co/llUxi8All0",,
1743827359512535139,Sun Jan 07 02:50:15 +0000 2024,"<User id=""1527875389439508481"">","MangoFarm frontend compromised. This reminds us that we saw Angel Drainer appear on a Solana Wallet Drainer channel about one week ago. \n\nAngel Drainer often appears in attacks on frontend hacks on Ethereum, did they bring that way to the Solana too? https://t.co/V1JV87f5M7",,
1743478713445232823,Sat Jan 06 03:44:52 +0000 2024,"<User id=""1527875389439508481"">","another victim lost $449K worth of DYDX, ENS, USDC, and VOXEL to phishing scams about 11 hours ago.\n\nhttps://t.co/FBeBBvnEyr https://t.co/y2ZR5re7Sv",,
1743224938868433163,Fri Jan 05 10:56:27 +0000 2024,"<User id=""1527875389439508481"">",stolen funds located on `0x95799d4ca2a136fa8bfa2a13d08e05b0d6315f9c`\n\nhttps://t.co/vcvdvOz8Sw,1743224935177453622,
1743224935177453622,Fri Jan 05 10:56:26 +0000 2024,"<User id=""1527875389439508481"">","someone lost 6.38 WBTC($280K) to phishing scams about 2 hours ago.\n\nthis may be related to Certik's Twitter hack, with both the on-chain address and the phishing site pointing to Angel Drainer.\nhttps://t.co/fzjVDePPbg https://t.co/o8syJEy1EF",,
1743111010821845457,Fri Jan 05 03:23:45 +0000 2024,"<User id=""1527875389439508481"">","another victim lost 111 stETH($249,949) to phishing scams about 1 hour ago.\n\nscammer's address associated with the Twitter scam ads.\nhttps://t.co/IbMW800srs https://t.co/BjJ0TWkpJN",,
1743091209873117569,Fri Jan 05 02:05:04 +0000 2024,"<User id=""1527875389439508481"">","RT @h3idilao: 1/5\nNew year... same PSA.\n\nEver sign a message on your wallet for idk what? Yea. You have.\n\nWell, wallet drainers are continuâ€¦",,
1743066493519352033,Fri Jan 05 00:26:51 +0000 2024,"<User id=""1527875389439508481"">",Pink Drainer deposited $1.8 million DAI on Spark about 1 hour ago.\n\nhttps://t.co/VLwSw3H5a4 https://t.co/nueTcS8Mbe,,
1742910028892483913,Thu Jan 04 14:05:07 +0000 2024,"<User id=""1527875389439508481"">",seems like now switched back to spreading fake Uniswap hack news and pointing to fake RevokeCash phishing sites. https://t.co/207o5KimlE,,
1742902925939331102,Thu Jan 04 13:36:53 +0000 2024,"<User id=""1527875389439508481"">","RT @realScamSniffer: another victim lost 85 stETH ($192,000) too, with a total of $839,000 lost to phishing in just 30 minutes.\n\nhttps://t.â€¦",,
1742898190192714062,Thu Jan 04 13:18:04 +0000 2024,"<User id=""1527875389439508481"">",someone lost 287 stETH($642K) to phishing scams about 20 minutes ago.\n\nhttps://t.co/hyXSdi7E0G https://t.co/hqve3KPpv4,,
1742877285009719737,Thu Jan 04 11:55:00 +0000 2024,"<User id=""1527875389439508481"">",ğŸ‘‡,,
1742583293709840706,Wed Jan 03 16:26:47 +0000 2024,"<User id=""1527875389439508481"">",ğŸš¨ Be Alert: A $170K auction theft happened 45 minutes ago due to a phishing tweet in comments. \n\nRemember to scrutinize usernames and links in your Twitter comments. Don't let scammers trick you! https://t.co/uf2T5ygWyc,,
1742534742883672339,Wed Jan 03 13:13:52 +0000 2024,"<User id=""1527875389439508481"">","ğŸš¨ Wallet drainer used in this has stolen $1.7M from 1,642 users in 2 months, with ~$380K in the last 2 days alone. https://t.co/01NdDV6CZC",,
1742442378332663850,Wed Jan 03 07:06:50 +0000 2024,"<User id=""1527875389439508481"">","RT @etherscan: ğŸ“¢ We're excited to share that Solscan has now joined Etherscan!\n\nWith the addition of @solscanofficial to the team, we hopeâ€¦",,
1742351198240592383,Wed Jan 03 01:04:31 +0000 2024,"<User id=""1527875389439508481"">",someone lost $223k worth of stETH and sETH2 to phishing scams about 4 hours ago.\n\nhttps://t.co/XEKkOJGaBA https://t.co/uaQV74lIwj,,
1742209139768746489,Tue Jan 02 15:40:02 +0000 2024,"<User id=""1527875389439508481"">",another victim lost $2.47 million worth of Auction and BSSB to phishing scams about 5 minutes ago.\n\nhttps://t.co/Uzv9TfRUEA https://t.co/vHrqQIOyov,,
1742174488928850053,Tue Jan 02 13:22:20 +0000 2024,"<User id=""1527875389439508481"">",beware of phishing scams on Twitter. \nscammers are using ads to target MetaMask users. they keep switching to new ad accounts after each one is suspended. https://t.co/DJk4J4OAHz,,
1742123741952483370,Tue Jan 02 10:00:41 +0000 2024,"<User id=""1527875389439508481"">",RT @beincrypto: ğŸš¨ $300M Lost to Crypto Phishing Scams in 2023 ğŸ•µï¸â€â™‚ï¸\n\n@realScamSniffer reports a shocking surge in crypto thefts due to sophâ€¦,,
1742085818339250402,Tue Jan 02 07:30:00 +0000 2024,"<User id=""1527875389439508481"">",another victim lost 553 aOptWETH($1.30M) to phishing scams about 14 hours ago.\n\nhttps://t.co/AzGg27tZSP https://t.co/2meXaEPg27,,
1741738619927466223,Mon Jan 01 08:30:21 +0000 2024,"<User id=""1527875389439508481"">","ğŸš¨ Scam Sniffer's 2023 Report is out! Nearly $300M stolen by phishing campaign targeting crypto wallets - affecting over 324K victims. ğŸ•µï¸â€â™‚ï¸\n\nğŸ“ˆ Trends show no sign of slowing, as new drainers emerge to replace the old. Stay vigilant &amp; informed:\n\nhttps://t.co/IncLeS7j2j",,
1741597260331516177,Sun Dec 31 23:08:38 +0000 2023,"<User id=""1527875389439508481"">","RT @KGJRTG: Looks like orbit bridge is getting drained right now, different fresh wallets for wbtc usdt usdc and dai, test tx's showup on oâ€¦",,
1740795699472838999,Fri Dec 29 18:03:31 +0000 2023,"<User id=""1527875389439508481"">",ğŸš¨ Alert: @compoundfinance's Twitter account has been compromised. Do not click on any links posted from their account.\n\nA phishing link (compound-labs[.]xyz) was spotted 16 hours ago.\n\nStay vigilant and ensure the safety of your assets by avoiding suspicious links. https://t.co/yoa1RM4P4E,,
1740658444183732537,Fri Dec 29 08:58:07 +0000 2023,"<User id=""1527875389439508481"">",another victim lost $573k worth of wCFG to phishing scams about 33 minutes ago.\n\nhttps://t.co/PdIlHpXUfL https://t.co/1lLgSTFjRh,,
1740658444183732537,Fri Dec 29 08:58:07 +0000 2023,"<User id=""1527875389439508481"">",another victim lost $573k worth of wCFG to phishing scams about 33 minutes ago.\n\nhttps://t.co/PdIlHpXUfL https://t.co/1lLgSTFjRh,,
1740581277542338635,Fri Dec 29 03:51:29 +0000 2023,"<User id=""1527875389439508481"">",RT @Cointelegraph: One hapless crypto user lost an eye-watering $4.4 million worth of LINK tokens in a phishing scam linked to the notoriouâ€¦,,
1740525482733629460,Fri Dec 29 00:09:47 +0000 2023,"<User id=""1527875389439508481"">",another victim lost $4.4 million worth of LINK to phishing scams about 2 hours ago.\n\nhttps://t.co/B4Z3yWrH7e https://t.co/6zSWTp8G6d,,
1739470982094762365,Tue Dec 26 02:19:34 +0000 2023,"<User id=""1527875389439508481"">","another victim lost $653K worth of WBTC, USDC, and WETH to phishing scams about 12 minutes ago.\n\nhttps://t.co/h7BujlL4Sb https://t.co/a3GhHEUGot",,
1739443774156390501,Tue Dec 26 00:31:27 +0000 2023,"<User id=""1527875389439508481"">",another victim lost $880k worth of aEthWBTC to phishing scams about 11 minutes ago. \n\nhttps://t.co/yMM9OSzRDI https://t.co/jsrEGTaVJ8,,
1739308281678705099,Mon Dec 25 15:33:03 +0000 2023,"<User id=""1527875389439508481"">","another victim lost $1.08 million worth of WBTC, aPolUSDT, and USDT to phishing scams about 28 minutes ago.\n\nhttps://t.co/n7yE568oop https://t.co/tv5UGgltKe",,
1739225836556075459,Mon Dec 25 10:05:27 +0000 2023,"<User id=""1527875389439508481"">",another victim lost $100k worth of aUSDC to phishing scams about 5 minutes ago.\n\nhttps://t.co/gCpVLrSHaw https://t.co/R9zF4XAvAp,,
1739225836556075459,Mon Dec 25 10:05:27 +0000 2023,"<User id=""1527875389439508481"">",another victim lost $100k worth of aUSDC to phishing scams about 5 minutes ago.\n\nhttps://t.co/gCpVLrSHaw https://t.co/R9zF4XAvAp,,
1738909009611243541,Sun Dec 24 13:06:29 +0000 2023,"<User id=""1527875389439508481"">",A lengthy X name may complicate distinguishing your handle from scammers.\n\n@MantaNetwork https://t.co/MDvqUlBPVO,,
1738890276738080934,Sun Dec 24 11:52:03 +0000 2023,"<User id=""1527875389439508481"">",another victim lost $220k worth of RVST to phishing scams about 25 minutes ago.\n\nhttps://t.co/52EtlhtMpp https://t.co/xJkD8fRUEN,,
1738826733506461968,Sun Dec 24 07:39:33 +0000 2023,"<User id=""1527875389439508481"">",another victim lost 103 stETH($237k) to phishing scams about 2 hours ago.\n\nhttps://t.co/ERNS1oaSdI https://t.co/rwohe8x91s,,
1738735549517885801,Sun Dec 24 01:37:13 +0000 2023,"<User id=""1527875389439508481"">",someone lost $250k worth of stETH and aEthUSDC to phishing scams about 1 hour ago.\n\nthe victim deposited them into Aave about 30 minutes ago.\nhttps://t.co/XL4HmnWBHp https://t.co/jKTfB2FSWL,,
1738519945628307965,Sat Dec 23 11:20:29 +0000 2023,"<User id=""1527875389439508481"">",someone lost $203K to Crypto-investment scams about 5 hours ago.\n\nhttps://t.co/FWXJvx1O7P https://t.co/EPsScBuXZS,,
1738205904338903485,Fri Dec 22 14:32:36 +0000 2023,"<User id=""1527875389439508481"">","RT @Cointelegraph: Today on Rise'n'Crypto with @rkbaggs:\n\nğŸ“ A wallet drainer exploits Google Ads, snatching $59M (@realScamSniffer)\nğŸ“ @solaâ€¦",,
1737799062328660384,Thu Dec 21 11:35:57 +0000 2023,"<User id=""1527875389439508481"">","ğŸš¨1/ Alert: A 'Wallet Drainer' has been linked to phishing campaigns on Google search and X ads, draining approximately $58M from over 63K victims in 9 months. https://t.co/ye3ob2uTtz",,
1737799062328660384,Thu Dec 21 11:35:57 +0000 2023,"<User id=""1527875389439508481"">","ğŸš¨1/ Alert: A 'Wallet Drainer' has been linked to phishing campaigns on Google search and X ads, draining approximately $58M from over 63K victims in 9 months. https://t.co/ye3ob2uTtz",,
1737316536162136196,Wed Dec 20 03:38:34 +0000 2023,"<User id=""1527875389439508481"">","RT @MistTrack_io: âš ï¸MistTrack AlertğŸ§\n\nAn Ethereum address holding 4,117,000 $USDT was frozen by #Tether and was flagged by MistTrack as a ""â€¦",,
1737315595258049020,Wed Dec 20 03:34:50 +0000 2023,"<User id=""1527875389439508481"">","RT @1nf0s3cpt: ğŸ”¥DeFiHackLabs Website: \nhttps://t.co/9h33diWFe7\n\nYou can find our Discord, Youtube, Academy, Github on the website.\n\nCurrentâ€¦",,
1737286810412441646,Wed Dec 20 01:40:27 +0000 2023,"<User id=""1527875389439508481"">",someone lost $218K worth of ETH to phishing scams about 6 hours ago.\n\nhttps://t.co/p3paJd5huT https://t.co/Ini7EBblFh,,
1737039109229772860,Tue Dec 19 09:16:10 +0000 2023,"<User id=""1527875389439508481"">",they drained ~$122k more in the past 3 days.\n\nhttps://t.co/oAo7BevLy3 https://t.co/Md5XPyzSn6,,
1736924454465442294,Tue Dec 19 01:40:35 +0000 2023,"<User id=""1527875389439508481"">",someone lost $328K worth of ETH to phishing scams about 1 hour ago.\n\nhttps://t.co/cXBT1P8BC8 https://t.co/hclKhnpKsn,,
1736924454465442294,Tue Dec 19 01:40:35 +0000 2023,"<User id=""1527875389439508481"">",someone lost $328K worth of ETH to phishing scams about 1 hour ago.\n\nhttps://t.co/cXBT1P8BC8 https://t.co/hclKhnpKsn,,
1736737084889592050,Mon Dec 18 13:16:02 +0000 2023,"<User id=""1527875389439508481"">",ğŸš¨ watch out for a possible upcoming Blast Claim phishing campaign!\n\nthere are a bunch of phishing sites pretending to be Blast that have been registered and ready to go in the last few hours. https://t.co/qKCKQwYgmp,,
1736387165746282671,Sun Dec 17 14:05:35 +0000 2023,"<User id=""1527875389439508481"">",someone lost 54 stETH($118K) to phishing scams about 1 hours ago.\n\nhttps://t.co/mwyCkNva38 https://t.co/NWtvkXBznU,,
1736230083961168018,Sun Dec 17 03:41:24 +0000 2023,"<User id=""1527875389439508481"">","Correction: Flooring has had the `onlyTrusted` restriction added from the beginning, while the FlooringPeriphery contract was made exploitable by the addition of unlimited `extMulticall` in an upgrade 59 days ago.\n\nhttps://t.co/GOK9uau9GY https://t.co/Xk82cjI8Z2",,
1736201938407133372,Sun Dec 17 01:49:33 +0000 2023,"<User id=""1527875389439508481"">",Flooring Protocol's FlooringPeriphery contract exploited! attacker inspired by NFTtrader and ThrirdwebğŸ‘€\n\nRevoke ASAP:\n0x49ad262c49c7aa708cc2df262ed53b64a17dd5ee\n0xc538d17a6aacc5271be5f51b891e2e92c8187edd,,
1736194271336894767,Sun Dec 17 01:19:05 +0000 2023,"<User id=""1527875389439508481"">",someone lost 261 aEthWETH($582K) to phishing scams about 2 hours ago.\n\nhttps://t.co/wxF4JXlP0E https://t.co/ukOBDFml7H,,
1736019738374078651,Sat Dec 16 13:45:33 +0000 2023,"<User id=""1527875389439508481"">",RT @zachxbt: @dingalingts 1) What\n\n0xc2f91dbab46531732908a317290e18297670d0bb02bb66f94aa883ec448d9391 https://t.co/6rfblXq4Lj,,
1736006658462241081,Sat Dec 16 12:53:35 +0000 2023,"<User id=""1527875389439508481"">","RT @SlowMist_Team: Due to a reentrancy issue, @NftTrader appears to have been exploited. Please revoke approval for the following addressesâ€¦",,
1735997883588268426,Sat Dec 16 12:18:43 +0000 2023,"<User id=""1527875389439508481"">",Revoke ASAP!,,
1735873935391297800,Sat Dec 16 04:06:11 +0000 2023,"<User id=""1527875389439508481"">",beware of airdrop phishing scams on Solana!\n\nscammers employ anti-simulation techniques to prevent wallets from showing balance changes. victims unknowingly lose their assets by signing malicious transactions.\n\nthey have already stolen ~$290K in the past few days! https://t.co/cpoexY4EyN,,
1735853635744211186,Sat Dec 16 02:45:32 +0000 2023,"<User id=""1527875389439508481"">","RT @RevokeCash: âš ï¸Yesterday, a popular library for connecting with Ledger wallets was compromised, affecting many crypto websites. \n\nâœ…All aâ€¦",,
1735684870159118791,Fri Dec 15 15:34:55 +0000 2023,"<User id=""1527875389439508481"">",it seems it's not just about reading static file domains from smart contracts.\n\nnow they have also updated to read C2 API domains from smart contracts ğŸ‘€!\n\n(credits:@1nf0s3cpt) https://t.co/gHmLxprWm7,,
1735601516457906508,Fri Dec 15 10:03:42 +0000 2023,"<User id=""1527875389439508481"">",seems like the wallet drainer's c2 servers behind the ledger library attack all have been blocked by Cloudflare! \n\nthis definitely will affect them a lot! cause every phishing site C2 server is hardcoded ğŸ‘€ https://t.co/JVCQ3npx1J,,
1735595465939550280,Fri Dec 15 09:39:39 +0000 2023,"<User id=""1527875389439508481"">","RT @SlowMist_Team: ğŸš¨SlowMist Security AlertğŸš¨\n\nAfter a thorough analysis of the @Ledger Connect Kit supply chain attack, the SlowMist securiâ€¦",,
1735429315016445986,Thu Dec 14 22:39:26 +0000 2023,"<User id=""1527875389439508481"">",https://t.co/pX0UsRBe6E https://t.co/CrrqAT8apf,1735429311761670501,
1735429311761670501,Thu Dec 14 22:39:25 +0000 2023,"<User id=""1527875389439508481"">",someone lost $856K to crypto investment scams about 5 hours ago.\n\nhttps://t.co/MLKGbaOdVm https://t.co/hOKwyibilP,,
1735279792726081637,Thu Dec 14 12:45:17 +0000 2023,"<User id=""1527875389439508481"">","seems like the Ledger's @ledgerhq/connect-kit npm package was hacked, the latest publish was 2 hours ago. https://t.co/AsbA675D9Q",,
1735279792726081637,Thu Dec 14 12:45:17 +0000 2023,"<User id=""1527875389439508481"">","seems like the Ledger's @ledgerhq/connect-kit npm package was hacked, the latest publish was 2 hours ago. https://t.co/AsbA675D9Q",,
1735111207676432644,Thu Dec 14 01:35:23 +0000 2023,"<User id=""1527875389439508481"">",someone lost $117k worth of USDC to phishing scams about 3 hours ago.\n\nhttps://t.co/wTcB6jWFHj https://t.co/i4alraUsNg,,
1734767191365742883,Wed Dec 13 02:48:23 +0000 2023,"<User id=""1527875389439508481"">",RT @samczsun: ğŸš¨ğŸš¨ğŸš¨\n\nThere is a critical bug in Twitter that allows hackers to gain full access to your account by simply clicking a link\n\nThâ€¦,,
1734589365299585419,Tue Dec 12 15:01:46 +0000 2023,"<User id=""1527875389439508481"">",someone lost about 308k worth of Paxos Gold to phishing scams about 49 minutes ago.\n\nthe victim fell into panic and moved the left assets to another wallet.\n\nhttps://t.co/Iwbjo4uOji https://t.co/JLKzNZ2zkO,,
1734542722302869633,Tue Dec 12 11:56:25 +0000 2023,"<User id=""1527875389439508481"">",seems like the attacker launched a new campaign about 3 days ago!\n~110 Safe Wallets were selected as this new method of target. https://t.co/uc7KVKxkIV,,
1734178407259484286,Mon Dec 11 11:48:46 +0000 2023,"<User id=""1527875389439508481"">",how does this work ğŸ‘‡\nhttps://t.co/vnnQFOIuYm,1734178403283357870,
1734178403283357870,Mon Dec 11 11:48:45 +0000 2023,"<User id=""1527875389439508481"">","beware of the X ads phishing! \n\nthis ad shows https://t.co/e8f43L7XKI,\nbut actually points to strk-networks[.]com\n\nIf you click on it and sign something, you could lose a lot. https://t.co/zdao4gKFyv",,
1734020895075934592,Mon Dec 11 01:22:52 +0000 2023,"<User id=""1527875389439508481"">",someone lost $378k worth of USDC to crypto phishing scams about 7 hours ago.\n\nhttps://t.co/dPh6YnGD0p https://t.co/JQwcqBd5Wj,,
1734020895075934592,Mon Dec 11 01:22:52 +0000 2023,"<User id=""1527875389439508481"">",someone lost $378k worth of USDC to crypto phishing scams about 7 hours ago.\n\nhttps://t.co/dPh6YnGD0p https://t.co/JQwcqBd5Wj,,
1733533651366011256,Sat Dec 09 17:06:44 +0000 2023,"<User id=""1527875389439508481"">",RT @Tether_to: Tether Introduces New Policy to Strengthen Ecosystem Security\n\nRead more â¬‡ï¸\nhttps://t.co/kCCFhLflfb,,
1733300781062017218,Sat Dec 09 01:41:24 +0000 2023,"<User id=""1527875389439508481"">",no new Safe Wallet victims in the last few days after @safe tweaked the UI and filtered spam transactions.\n\nbut seems like the scammers now start trying to send real tokens instead of sending fake tokens ğŸ‘€ https://t.co/4TVKgUFP61,,
1733122679803396235,Fri Dec 08 13:53:41 +0000 2023,"<User id=""1527875389439508481"">","After more investigation, there are 515 Thirdweb deployed tokens on the Mainnet affected by the Multicall and ERC-2771 vulnerabilities, 25 of which have been exploited.\n\nBoth HXA and WFCA are listed on exchanges and the prices have dropped a lot. https://t.co/3VnSWtNtio",,
1733291267545841938,Sat Dec 09 01:03:35 +0000 2023,"<User id=""1527875389439508481"">","someone lost $327k worth of WBTC, PRIME, LINK, and SUDO to crypto phishing scams about 1 hour ago.\n\nhttps://t.co/GvJ4wiGc1H https://t.co/x9PceurFHE",,
1732977663705489688,Fri Dec 08 04:17:26 +0000 2023,"<User id=""1527875389439508481"">",someone lost 113 stETH($268k) to phishing scams about 5 hours ago.\n\nhttps://t.co/YyGeHMYYbB https://t.co/xAEtEU8Q6l,,
1732794897693106372,Thu Dec 07 16:11:12 +0000 2023,"<User id=""1527875389439508481"">","there appear to be 515 tokens affected on the Mainnet, 3 of which have been exploitedğŸ‘€. the attackers made about $218k in profit.",,
1732804494034084328,Thu Dec 07 16:49:19 +0000 2023,"<User id=""1527875389439508481"">","RT @zachxbt: 1/ Throughout this year I have been monitoring someone who has withdrawn 11,200+ ETH ($25M) from Tornado Cash and spent the maâ€¦",,
1732338898670694840,Wed Dec 06 09:59:13 +0000 2023,"<User id=""1527875389439508481"">",RT @SlowMist_Team: ğŸ”Uncover the latest tactics of North Korean hacker group in our new article! \n\nAnalysis of #LazarusGroup's Targeted Phisâ€¦,,
1732067648064966916,Tue Dec 05 16:01:22 +0000 2023,"<User id=""1527875389439508481"">","it looks like the @safe transaction history UI has been updated and scam transactions have been filtered out!\n\nhopefully, there will be no more victims of ""address poisoning"".\n\nhttps://t.co/BrZ93apAyJ https://t.co/cToEpCY6lu",,
1732067648064966916,Tue Dec 05 16:01:22 +0000 2023,"<User id=""1527875389439508481"">","it looks like the @safe transaction history UI has been updated and scam transactions have been filtered out!\n\nhopefully, there will be no more victims of ""address poisoning"".\n\nhttps://t.co/BrZ93apAyJ https://t.co/cToEpCY6lu",,
1731925286944702545,Tue Dec 05 06:35:40 +0000 2023,"<User id=""1527875389439508481"">","undertand why upgradeable contracts need call ""_disableInitializers()"" in their constructors ğŸ‘‡\n\nhttps://t.co/d2ZwOjmOoY",1731925282372850036,
1731925282372850036,Tue Dec 05 06:35:39 +0000 2023,"<User id=""1527875389439508481"">","check the latest commit in Thirdweb's contracts, \n`_disableInitializers` was added to most contract's constructors.\n\nhttps://t.co/hvDrHEOS4T https://t.co/PalcTlZNJI",,
1731905280814821806,Tue Dec 05 05:16:10 +0000 2023,"<User id=""1527875389439508481"">",revokeğŸ‘‡,,
1731867457521066042,Tue Dec 05 02:45:53 +0000 2023,"<User id=""1527875389439508481"">","another Safe Wallet lost $30k to an ""address poisoning"" attack about 10 hours ago.\n\nthe victim's transfer history was contaminated by the attacker 12 days ago.\n\nhttps://t.co/ANJfKYQ3is https://t.co/7sTSL1jlyS",,
1731565380039286948,Mon Dec 04 06:45:32 +0000 2023,"<User id=""1527875389439508481"">",RT @Cointelegraph: Safe Wallet scammer steals $2M through 'address poisoning' in one week https://t.co/vm8s7ceO78,,
1731477302402540029,Mon Dec 04 00:55:32 +0000 2023,"<User id=""1527875389439508481"">","another Safe Wallet lost $31k to ""address poisoning"" attack about 6 hours ago.\n\nattacker:\n0xC2dF7aF93D05A3E7A2D589a01C5c7CD2AE5393F6\n\nhttps://t.co/UBKIIHRRdc https://t.co/mkOyz9ZazA",,
1731236292166590507,Sun Dec 03 08:57:51 +0000 2023,"<User id=""1527875389439508481"">","about ~10 Safe wallets have lost $2.05 million to ""address poisoning"" attacks in the past week.\n\nthe same attacker has stolen $5 million from ~21 victims in the past four months so far. https://t.co/fu4kxaI3py",,
1730431624704356840,Fri Dec 01 03:40:23 +0000 2023,"<User id=""1527875389439508481"">","RT @1nf0s3cpt: ğŸ”¥DeFiHackLabs monthly recap. We released 15 PoCs in November. \n\nContributors:  ğŸ¥‡@kam8617 contributed to 5 of them,\n@jacobchiâ€¦",,
1730064241846263850,Thu Nov 30 03:20:32 +0000 2023,"<User id=""1527875389439508481"">","RT @realScamSniffer: how did this happen? \nif you try to open the victim's Safe wallet, you will see the scam transaction was sitting on thâ€¦",,
1729875285720645703,Wed Nov 29 14:49:42 +0000 2023,"<User id=""1527875389439508481"">",a multi-sign Safe wallet lost $1.45 million to address poisoning attacks about 1 day ago!\n\nhe wants to send it to \n0xB087cf...947f5870\n\nbut sent to\n0xB08726...b3675870\n\nhttps://t.co/jHz0v45GzD https://t.co/I20xHRdSJR,,
1729875285720645703,Wed Nov 29 14:49:42 +0000 2023,"<User id=""1527875389439508481"">",a multi-sign Safe wallet lost $1.45 million to address poisoning attacks about 1 day ago!\n\nhe wants to send it to \n0xB087cf...947f5870\n\nbut sent to\n0xB08726...b3675870\n\nhttps://t.co/jHz0v45GzD https://t.co/I20xHRdSJR,,
1729756259186774350,Wed Nov 29 06:56:44 +0000 2023,"<User id=""1527875389439508481"">",someone lost $1.45 million to phishing scams about 3 hours ago.\n\nhttps://t.co/Y9cJH6PeAA https://t.co/WGAcpcjUQK,,
1729781637062275486,Wed Nov 29 08:37:34 +0000 2023,"<User id=""1527875389439508481"">",Velodrome Finance's front end is currently compromised!\n\nScammers have used create2 to generate temp addresses. https://t.co/E4KOJIg58m,,
1729441658809544764,Tue Nov 28 10:06:37 +0000 2023,"<User id=""1527875389439508481"">",attention all Discord Server admins!\na fake CryptoNews Discord phishing site was created about 14 hours ago.\n\nplease be aware that dragging the button from the bookmark to Discord will result in the loss of your Discord identity.\n\nhttps://t.co/9dOnIXY79F https://t.co/sxoE3evQOR,,
1728952762791272617,Mon Nov 27 01:43:55 +0000 2023,"<User id=""1527875389439508481"">",someone lost $1.23 million worth of aEthWETH to phishing scams about 5 hours ago.\n\nhttps://t.co/xEmxSAcXco https://t.co/iJcqJMQLKh,,
1728952762791272617,Mon Nov 27 01:43:55 +0000 2023,"<User id=""1527875389439508481"">",someone lost $1.23 million worth of aEthWETH to phishing scams about 5 hours ago.\n\nhttps://t.co/xEmxSAcXco https://t.co/iJcqJMQLKh,,
1728928120370270676,Mon Nov 27 00:06:00 +0000 2023,"<User id=""1527875389439508481"">",Inferno Drainer announces shutdown after draining over $70M from ~103K victims. https://t.co/8DwtckleiZ,,
1728446283579588862,Sat Nov 25 16:11:21 +0000 2023,"<User id=""1527875389439508481"">",someone lost $278K worth of USDT to phishing scams about 28 minutes ago.\n\nhttps://t.co/KEf9bcr13b https://t.co/rfeY8osb3u,,
